1,Ava,Johnson,1979-02-11,ava.johnson@example.com
2,Liam,Smith,1972-07-24,liam.smith@example.com
3,Sophia,Davis,1984-03-05,sophia.davis@example.com
4,Noah,Brown,1976-11-18,noah.brown@example.com
5,Emma,Wilson,1981-09-02,emma.wilson@example.com
6,Lucas,Garcia,1970-12-20,lucas.garcia@example.com
7,Mia,Miller,1988-04-14,mia.miller@example.com
8,Elijah,Anderson,1974-06-30,elijah.anderson@example.com
9,Amelia,Taylor,1982-01-27,amelia.taylor@example.com
10,Oliver,Martinez,1978-05-09,oliver.martinez@example.com
11,Charlotte,Thomas,1986-08-22,charlotte.thomas@example.com
12,Ethan,Hernandez,1973-10-12,ethan.hernandez@example.com
13,Isabella,Moore,1980-02-28,isabella.moore@example.com
14,Mason,Martin,1985-07-07,mason.martin@example.com
15,Harper,Lee,1971-03-19,harper.lee@example.com
16,Logan,Thompson,1977-12-03,logan.thompson@example.com
17,Evelyn,White,1983-09-15,evelyn.white@example.com
18,James,Clark,1969-04-26,james.clark@example.com
19,Aria,Lewis,1990-01-05,aria.lewis@example.com
20,Benjamin,Walker,1975-06-17,benjamin.walker@example.com
21,Amelia,Johnson,1981-09-02,amelia.johnson_0001@example.com
22,Aria,Smith,1974-06-30,aria.smith_0002@example.com
23,Ava,Anderson,1988-04-14,ava.anderson_0003@example.com
24,Benjamin,Lee,1980-02-28,benjamin.lee_0004@example.com
25,Charlotte,Taylor,1973-10-12,charlotte.taylor_0005@example.com
26,Elijah,Brown,1986-08-22,elijah.brown_0006@example.com
27,Emma,Lewis,1979-02-11,emma.lewis_0007@example.com
28,Ethan,Thomas,1972-07-24,ethan.thomas_0008@example.com
29,Evelyn,Clark,1985-07-07,evelyn.clark_0009@example.com
30,Harper,Martin,1978-05-09,harper.martin_0010@example.com
31,Isabella,Thompson,1971-03-19,isabella.thompson_0011@example.com
32,James,Davis,1984-03-05,james.davis_0012@example.com
33,Liam,Martinez,1977-12-03,liam.martinez_0013@example.com
34,Logan,Walker,1970-12-20,logan.walker_0014@example.com
35,Lucas,Garcia,1983-09-15,lucas.garcia_0015@example.com
36,Mason,Miller,1976-11-18,mason.miller_0016@example.com
37,Mia,White,1969-04-26,mia.white_0017@example.com
38,Noah,Hernandez,1982-01-27,noah.hernandez_0018@example.com
39,Oliver,Moore,1975-06-17,oliver.moore_0019@example.com
40,Sophia,Wilson,1990-01-05,sophia.wilson_0020@example.com
41,Amelia,Johnson,1981-09-02,amelia.johnson_0021@example.com
42,Aria,Smith,1974-06-30,aria.smith_0022@example.com
43,Ava,Anderson,1988-04-14,ava.anderson_0023@example.com
44,Benjamin,Lee,1980-02-28,benjamin.lee_0024@example.com
45,Charlotte,Taylor,1973-10-12,charlotte.taylor_0025@example.com
46,Elijah,Brown,1986-08-22,elijah.brown_0026@example.com
47,Emma,Lewis,1979-02-11,emma.lewis_0027@example.com
48,Ethan,Thomas,1972-07-24,ethan.thomas_0028@example.com
49,Evelyn,Clark,1985-07-07,evelyn.clark_0029@example.com
50,Harper,Martin,1978-05-09,harper.martin_0030@example.com
51,Isabella,Thompson,1971-03-19,isabella.thompson_0031@example.com
52,James,Davis,1984-03-05,james.davis_0032@example.com
53,Liam,Martinez,1977-12-03,liam.martinez_0033@example.com
54,Logan,Walker,1970-12-20,logan.walker_0034@example.com
55,Lucas,Garcia,1983-09-15,lucas.garcia_0035@example.com
56,Mason,Miller,1976-11-18,mason.miller_0036@example.com
57,Mia,White,1969-04-26,mia.white_0037@example.com
58,Noah,Hernandez,1982-01-27,noah.hernandez_0038@example.com
59,Oliver,Moore,1975-06-17,oliver.moore_0039@example.com
60,Sophia,Wilson,1990-01-05,sophia.wilson_0040@example.com
61,Amelia,Johnson,1981-09-02,amelia.johnson_0041@example.com
62,Aria,Smith,1974-06-30,aria.smith_0042@example.com
63,Ava,Anderson,1988-04-14,ava.anderson_0043@example.com
64,Benjamin,Lee,1980-02-28,benjamin.lee_0044@example.com
65,Charlotte,Taylor,1973-10-12,charlotte.taylor_0045@example.com
66,Elijah,Brown,1986-08-22,elijah.brown_0046@example.com
67,Emma,Lewis,1979-02-11,emma.lewis_0047@example.com
68,Ethan,Thomas,1972-07-24,ethan.thomas_0048@example.com
69,Evelyn,Clark,1985-07-07,evelyn.clark_0049@example.com
70,Harper,Martin,1978-05-09,harper.martin_0050@example.com
71,Isabella,Thompson,1971-03-19,isabella.thompson_0051@example.com
72,James,Davis,1984-03-05,james.davis_0052@example.com
73,Liam,Martinez,1977-12-03,liam.martinez_0053@example.com
74,Logan,Walker,1970-12-20,logan.walker_0054@example.com
75,Lucas,Garcia,1983-09-15,lucas.garcia_0055@example.com
76,Mason,Miller,1976-11-18,mason.miller_0056@example.com
77,Mia,White,1969-04-26,mia.white_0057@example.com
78,Noah,Hernandez,1982-01-27,noah.hernandez_0058@example.com
79,Oliver,Moore,1975-06-17,oliver.moore_0059@example.com
80,Sophia,Wilson,1990-01-05,sophia.wilson_0060@example.com
81,Amelia,Johnson,1981-09-02,amelia.johnson_0061@example.com
82,Aria,Smith,1974-06-30,aria.smith_0062@example.com
83,Ava,Anderson,1988-04-14,ava.anderson_0063@example.com
84,Benjamin,Lee,1980-02-28,benjamin.lee_0064@example.com
85,Charlotte,Taylor,1973-10-12,charlotte.taylor_0065@example.com
86,Elijah,Brown,1986-08-22,elijah.brown_0066@example.com
87,Emma,Lewis,1979-02-11,emma.lewis_0067@example.com
88,Ethan,Thomas,1972-07-24,ethan.thomas_0068@example.com
89,Evelyn,Clark,1985-07-07,evelyn.clark_0069@example.com
90,Harper,Martin,1978-05-09,harper.martin_0070@example.com
91,Isabella,Thompson,1971-03-19,isabella.thompson_0071@example.com
92,James,Davis,1984-03-05,james.davis_0072@example.com
93,Liam,Martinez,1977-12-03,liam.martinez_0073@example.com
94,Logan,Walker,1970-12-20,logan.walker_0074@example.com
95,Lucas,Garcia,1983-09-15,lucas.garcia_0075@example.com
96,Mason,Miller,1976-11-18,mason.miller_0076@example.com
97,Mia,White,1969-04-26,mia.white_0077@example.com
98,Noah,Hernandez,1982-01-27,noah.hernandez_0078@example.com
99,Oliver,Moore,1975-06-17,oliver.moore_0079@example.com
100,Sophia,Wilson,1990-01-05,sophia.wilson_0080@example.com
101,Amelia,Johnson,1981-09-02,amelia.johnson_0081@example.com
102,Aria,Smith,1974-06-30,aria.smith_0082@example.com
103,Ava,Anderson,1988-04-14,ava.anderson_0083@example.com
104,Benjamin,Lee,1980-02-28,benjamin.lee_0084@example.com
105,Charlotte,Taylor,1973-10-12,charlotte.taylor_0085@example.com
106,Elijah,Brown,1986-08-22,elijah.brown_0086@example.com
107,Emma,Lewis,1979-02-11,emma.lewis_0087@example.com
108,Ethan,Thomas,1972-07-24,ethan.thomas_0088@example.com
109,Evelyn,Clark,1985-07-07,evelyn.clark_0089@example.com
110,Harper,Martin,1978-05-09,harper.martin_0090@example.com
111,Isabella,Thompson,1971-03-19,isabella.thompson_0091@example.com
112,James,Davis,1984-03-05,james.davis_0092@example.com
113,Liam,Martinez,1977-12-03,liam.martinez_0093@example.com
114,Logan,Walker,1970-12-20,logan.walker_0094@example.com
115,Lucas,Garcia,1983-09-15,lucas.garcia_0095@example.com
116,Mason,Miller,1976-11-18,mason.miller_0096@example.com
117,Mia,White,1969-04-26,mia.white_0097@example.com
118,Noah,Hernandez,1982-01-27,noah.hernandez_0098@example.com
119,Oliver,Moore,1975-06-17,oliver.moore_0099@example.com
120,Sophia,Wilson,1990-01-05,sophia.wilson_0100@example.com
121,Amelia,Johnson,1981-09-02,amelia.johnson_0101@example.com
122,Aria,Smith,1974-06-30,aria.smith_0102@example.com
123,Ava,Anderson,1988-04-14,ava.anderson_0103@example.com
124,Benjamin,Lee,1980-02-28,benjamin.lee_0104@example.com
125,Charlotte,Taylor,1973-10-12,charlotte.taylor_0105@example.com
126,Elijah,Brown,1986-08-22,elijah.brown_0106@example.com
127,Emma,Lewis,1979-02-11,emma.lewis_0107@example.com
128,Ethan,Thomas,1972-07-24,ethan.thomas_0108@example.com
129,Evelyn,Clark,1985-07-07,evelyn.clark_0109@example.com
130,Harper,Martin,1978-05-09,harper.martin_0110@example.com
131,Isabella,Thompson,1971-03-19,isabella.thompson_0111@example.com
132,James,Davis,1984-03-05,james.davis_0112@example.com
133,Liam,Martinez,1977-12-03,liam.martinez_0113@example.com
134,Logan,Walker,1970-12-20,logan.walker_0114@example.com
135,Lucas,Garcia,1983-09-15,lucas.garcia_0115@example.com
136,Mason,Miller,1976-11-18,mason.miller_0116@example.com
137,Mia,White,1969-04-26,mia.white_0117@example.com
138,Noah,Hernandez,1982-01-27,noah.hernandez_0118@example.com
139,Oliver,Moore,1975-06-17,oliver.moore_0119@example.com
140,Sophia,Wilson,1990-01-05,sophia.wilson_0120@example.com
141,Amelia,Johnson,1981-09-02,amelia.johnson_0121@example.com
142,Aria,Smith,1974-06-30,aria.smith_0122@example.com
143,Ava,Anderson,1988-04-14,ava.anderson_0123@example.com
144,Benjamin,Lee,1980-02-28,benjamin.lee_0124@example.com
145,Charlotte,Taylor,1973-10-12,charlotte.taylor_0125@example.com
146,Elijah,Brown,1986-08-22,elijah.brown_0126@example.com
147,Emma,Lewis,1979-02-11,emma.lewis_0127@example.com
148,Ethan,Thomas,1972-07-24,ethan.thomas_0128@example.com
149,Evelyn,Clark,1985-07-07,evelyn.clark_0129@example.com
150,Harper,Martin,1978-05-09,harper.martin_0130@example.com
151,Isabella,Thompson,1971-03-19,isabella.thompson_0131@example.com
152,James,Davis,1984-03-05,james.davis_0132@example.com
153,Liam,Martinez,1977-12-03,liam.martinez_0133@example.com
154,Logan,Walker,1970-12-20,logan.walker_0134@example.com
155,Lucas,Garcia,1983-09-15,lucas.garcia_0135@example.com
156,Mason,Miller,1976-11-18,mason.miller_0136@example.com
157,Mia,White,1969-04-26,mia.white_0137@example.com
158,Noah,Hernandez,1982-01-27,noah.hernandez_0138@example.com
159,Oliver,Moore,1975-06-17,oliver.moore_0139@example.com
160,Sophia,Wilson,1990-01-05,sophia.wilson_0140@example.com
161,Amelia,Johnson,1981-09-02,amelia.johnson_0141@example.com
162,Aria,Smith,1974-06-30,aria.smith_0142@example.com
163,Ava,Anderson,1988-04-14,ava.anderson_0143@example.com
164,Benjamin,Lee,1980-02-28,benjamin.lee_0144@example.com
165,Charlotte,Taylor,1973-10-12,charlotte.taylor_0145@example.com
166,Elijah,Brown,1986-08-22,elijah.brown_0146@example.com
167,Emma,Lewis,1979-02-11,emma.lewis_0147@example.com
168,Ethan,Thomas,1972-07-24,ethan.thomas_0148@example.com
169,Evelyn,Clark,1985-07-07,evelyn.clark_0149@example.com
170,Harper,Martin,1978-05-09,harper.martin_0150@example.com
171,Isabella,Thompson,1971-03-19,isabella.thompson_0151@example.com
172,James,Davis,1984-03-05,james.davis_0152@example.com
173,Liam,Martinez,1977-12-03,liam.martinez_0153@example.com
174,Logan,Walker,1970-12-20,logan.walker_0154@example.com
175,Lucas,Garcia,1983-09-15,lucas.garcia_0155@example.com
176,Mason,Miller,1976-11-18,mason.miller_0156@example.com
177,Mia,White,1969-04-26,mia.white_0157@example.com
178,Noah,Hernandez,1982-01-27,noah.hernandez_0158@example.com
179,Oliver,Moore,1975-06-17,oliver.moore_0159@example.com
180,Sophia,Wilson,1990-01-05,sophia.wilson_0160@example.com
181,Amelia,Johnson,1981-09-02,amelia.johnson_0161@example.com
182,Aria,Smith,1974-06-30,aria.smith_0162@example.com
183,Ava,Anderson,1988-04-14,ava.anderson_0163@example.com
184,Benjamin,Lee,1980-02-28,benjamin.lee_0164@example.com
185,Charlotte,Taylor,1973-10-12,charlotte.taylor_0165@example.com
186,Elijah,Brown,1986-08-22,elijah.brown_0166@example.com
187,Emma,Lewis,1979-02-11,emma.lewis_0167@example.com
188,Ethan,Thomas,1972-07-24,ethan.thomas_0168@example.com
189,Evelyn,Clark,1985-07-07,evelyn.clark_0169@example.com
190,Harper,Martin,1978-05-09,harper.martin_0170@example.com
191,Isabella,Thompson,1971-03-19,isabella.thompson_0171@example.com
192,James,Davis,1984-03-05,james.davis_0172@example.com
193,Liam,Martinez,1977-12-03,liam.martinez_0173@example.com
194,Logan,Walker,1970-12-20,logan.walker_0174@example.com
195,Lucas,Garcia,1983-09-15,lucas.garcia_0175@example.com
196,Mason,Miller,1976-11-18,mason.miller_0176@example.com
197,Mia,White,1969-04-26,mia.white_0177@example.com
198,Noah,Hernandez,1982-01-27,noah.hernandez_0178@example.com
199,Oliver,Moore,1975-06-17,oliver.moore_0179@example.com
200,Sophia,Wilson,1990-01-05,sophia.wilson_0180@example.com
201,Amelia,Johnson,1981-09-02,amelia.johnson_0181@example.com
202,Aria,Smith,1974-06-30,aria.smith_0182@example.com
203,Ava,Anderson,1988-04-14,ava.anderson_0183@example.com
204,Benjamin,Lee,1980-02-28,benjamin.lee_0184@example.com
205,Charlotte,Taylor,1973-10-12,charlotte.taylor_0185@example.com
206,Elijah,Brown,1986-08-22,elijah.brown_0186@example.com
207,Emma,Lewis,1979-02-11,emma.lewis_0187@example.com
208,Ethan,Thomas,1972-07-24,ethan.thomas_0188@example.com
209,Evelyn,Clark,1985-07-07,evelyn.clark_0189@example.com
210,Harper,Martin,1978-05-09,harper.martin_0190@example.com
211,Isabella,Thompson,1971-03-19,isabella.thompson_0191@example.com
212,James,Davis,1984-03-05,james.davis_0192@example.com
213,Liam,Martinez,1977-12-03,liam.martinez_0193@example.com
214,Logan,Walker,1970-12-20,logan.walker_0194@example.com
215,Lucas,Garcia,1983-09-15,lucas.garcia_0195@example.com
216,Mason,Miller,1976-11-18,mason.miller_0196@example.com
217,Mia,White,1969-04-26,mia.white_0197@example.com
218,Noah,Hernandez,1982-01-27,noah.hernandez_0198@example.com
219,Oliver,Moore,1975-06-17,oliver.moore_0199@example.com
220,Sophia,Wilson,1990-01-05,sophia.wilson_0200@example.com
221,Amelia,Johnson,1981-09-02,amelia.johnson_0201@example.com
222,Aria,Smith,1974-06-30,aria.smith_0202@example.com
223,Ava,Anderson,1988-04-14,ava.anderson_0203@example.com
224,Benjamin,Lee,1980-02-28,benjamin.lee_0204@example.com
225,Charlotte,Taylor,1973-10-12,charlotte.taylor_0205@example.com
226,Elijah,Brown,1986-08-22,elijah.brown_0206@example.com
227,Emma,Lewis,1979-02-11,emma.lewis_0207@example.com
228,Ethan,Thomas,1972-07-24,ethan.thomas_0208@example.com
229,Evelyn,Clark,1985-07-07,evelyn.clark_0209@example.com
230,Harper,Martin,1978-05-09,harper.martin_0210@example.com
231,Isabella,Thompson,1971-03-19,isabella.thompson_0211@example.com
232,James,Davis,1984-03-05,james.davis_0212@example.com
233,Liam,Martinez,1977-12-03,liam.martinez_0213@example.com
234,Logan,Walker,1970-12-20,logan.walker_0214@example.com
235,Lucas,Garcia,1983-09-15,lucas.garcia_0215@example.com
236,Mason,Miller,1976-11-18,mason.miller_0216@example.com
237,Mia,White,1969-04-26,mia.white_0217@example.com
238,Noah,Hernandez,1982-01-27,noah.hernandez_0218@example.com
239,Oliver,Moore,1975-06-17,oliver.moore_0219@example.com
240,Sophia,Wilson,1990-01-05,sophia.wilson_0220@example.com
241,Amelia,Johnson,1981-09-02,amelia.johnson_0221@example.com
242,Aria,Smith,1974-06-30,aria.smith_0222@example.com
243,Ava,Anderson,1988-04-14,ava.anderson_0223@example.com
244,Benjamin,Lee,1980-02-28,benjamin.lee_0224@example.com
245,Charlotte,Taylor,1973-10-12,charlotte.taylor_0225@example.com
246,Elijah,Brown,1986-08-22,elijah.brown_0226@example.com
247,Emma,Lewis,1979-02-11,emma.lewis_0227@example.com
248,Ethan,Thomas,1972-07-24,ethan.thomas_0228@example.com
249,Evelyn,Clark,1985-07-07,evelyn.clark_0229@example.com
250,Harper,Martin,1978-05-09,harper.martin_0230@example.com
251,Isabella,Thompson,1971-03-19,isabella.thompson_0231@example.com
252,James,Davis,1984-03-05,james.davis_0232@example.com
253,Liam,Martinez,1977-12-03,liam.martinez_0233@example.com
254,Logan,Walker,1970-12-20,logan.walker_0234@example.com
255,Lucas,Garcia,1983-09-15,lucas.garcia_0235@example.com
256,Mason,Miller,1976-11-18,mason.miller_0236@example.com
257,Mia,White,1969-04-26,mia.white_0237@example.com
258,Noah,Hernandez,1982-01-27,noah.hernandez_0238@example.com
259,Oliver,Moore,1975-06-17,oliver.moore_0239@example.com
260,Sophia,Wilson,1990-01-05,sophia.wilson_0240@example.com
261,Amelia,Johnson,1981-09-02,amelia.johnson_0241@example.com
262,Aria,Smith,1974-06-30,aria.smith_0242@example.com
263,Ava,Anderson,1988-04-14,ava.anderson_0243@example.com
264,Benjamin,Lee,1980-02-28,benjamin.lee_0244@example.com
265,Charlotte,Taylor,1973-10-12,charlotte.taylor_0245@example.com
266,Elijah,Brown,1986-08-22,elijah.brown_0246@example.com
267,Emma,Lewis,1979-02-11,emma.lewis_0247@example.com
268,Ethan,Thomas,1972-07-24,ethan.thomas_0248@example.com
269,Evelyn,Clark,1985-07-07,evelyn.clark_0249@example.com
270,Harper,Martin,1978-05-09,harper.martin_0250@example.com
271,Isabella,Thompson,1971-03-19,isabella.thompson_0251@example.com
272,James,Davis,1984-03-05,james.davis_0252@example.com
273,Liam,Martinez,1977-12-03,liam.martinez_0253@example.com
274,Logan,Walker,1970-12-20,logan.walker_0254@example.com
275,Lucas,Garcia,1983-09-15,lucas.garcia_0255@example.com
276,Mason,Miller,1976-11-18,mason.miller_0256@example.com
277,Mia,White,1969-04-26,mia.white_0257@example.com
278,Noah,Hernandez,1982-01-27,noah.hernandez_0258@example.com
279,Oliver,Moore,1975-06-17,oliver.moore_0259@example.com
280,Sophia,Wilson,1990-01-05,sophia.wilson_0260@example.com
281,Amelia,Johnson,1981-09-02,amelia.johnson_0261@example.com
282,Aria,Smith,1974-06-30,aria.smith_0262@example.com
283,Ava,Anderson,1988-04-14,ava.anderson_0263@example.com
284,Benjamin,Lee,1980-02-28,benjamin.lee_0264@example.com
285,Charlotte,Taylor,1973-10-12,charlotte.taylor_0265@example.com
286,Elijah,Brown,1986-08-22,elijah.brown_0266@example.com
287,Emma,Lewis,1979-02-11,emma.lewis_0267@example.com
288,Ethan,Thomas,1972-07-24,ethan.thomas_0268@example.com
289,Evelyn,Clark,1985-07-07,evelyn.clark_0269@example.com
290,Harper,Martin,1978-05-09,harper.martin_0270@example.com
291,Isabella,Thompson,1971-03-19,isabella.thompson_0271@example.com
292,James,Davis,1984-03-05,james.davis_0272@example.com
293,Liam,Martinez,1977-12-03,liam.martinez_0273@example.com
294,Logan,Walker,1970-12-20,logan.walker_0274@example.com
295,Lucas,Garcia,1983-09-15,lucas.garcia_0275@example.com
296,Mason,Miller,1976-11-18,mason.miller_0276@example.com
297,Mia,White,1969-04-26,mia.white_0277@example.com
298,Noah,Hernandez,1982-01-27,noah.hernandez_0278@example.com
299,Oliver,Moore,1975-06-17,oliver.moore_0279@example.com
300,Sophia,Wilson,1990-01-05,sophia.wilson_0280@example.com
301,Amelia,Johnson,1981-09-02,amelia.johnson_0281@example.com
302,Aria,Smith,1974-06-30,aria.smith_0282@example.com
303,Ava,Anderson,1988-04-14,ava.anderson_0283@example.com
304,Benjamin,Lee,1980-02-28,benjamin.lee_0284@example.com
305,Charlotte,Taylor,1973-10-12,charlotte.taylor_0285@example.com
306,Elijah,Brown,1986-08-22,elijah.brown_0286@example.com
307,Emma,Lewis,1979-02-11,emma.lewis_0287@example.com
308,Ethan,Thomas,1972-07-24,ethan.thomas_0288@example.com
309,Evelyn,Clark,1985-07-07,evelyn.clark_0289@example.com
310,Harper,Martin,1978-05-09,harper.martin_0290@example.com
311,Isabella,Thompson,1971-03-19,isabella.thompson_0291@example.com
312,James,Davis,1984-03-05,james.davis_0292@example.com
313,Liam,Martinez,1977-12-03,liam.martinez_0293@example.com
314,Logan,Walker,1970-12-20,logan.walker_0294@example.com
315,Lucas,Garcia,1983-09-15,lucas.garcia_0295@example.com
316,Mason,Miller,1976-11-18,mason.miller_0296@example.com
317,Mia,White,1969-04-26,mia.white_0297@example.com
318,Noah,Hernandez,1982-01-27,noah.hernandez_0298@example.com
319,Oliver,Moore,1975-06-17,oliver.moore_0299@example.com
320,Sophia,Wilson,1990-01-05,sophia.wilson_0300@example.com
321,Amelia,Johnson,1981-09-02,amelia.johnson_0301@example.com
322,Aria,Smith,1974-06-30,aria.smith_0302@example.com
323,Ava,Anderson,1988-04-14,ava.anderson_0303@example.com
324,Benjamin,Lee,1980-02-28,benjamin.lee_0304@example.com
325,Charlotte,Taylor,1973-10-12,charlotte.taylor_0305@example.com
326,Elijah,Brown,1986-08-22,elijah.brown_0306@example.com
327,Emma,Lewis,1979-02-11,emma.lewis_0307@example.com
328,Ethan,Thomas,1972-07-24,ethan.thomas_0308@example.com
329,Evelyn,Clark,1985-07-07,evelyn.clark_0309@example.com
330,Harper,Martin,1978-05-09,harper.martin_0310@example.com
331,Isabella,Thompson,1971-03-19,isabella.thompson_0311@example.com
332,James,Davis,1984-03-05,james.davis_0312@example.com
333,Liam,Martinez,1977-12-03,liam.martinez_0313@example.com
334,Logan,Walker,1970-12-20,logan.walker_0314@example.com
335,Lucas,Garcia,1983-09-15,lucas.garcia_0315@example.com
336,Mason,Miller,1976-11-18,mason.miller_0316@example.com
337,Mia,White,1969-04-26,mia.white_0317@example.com
338,Noah,Hernandez,1982-01-27,noah.hernandez_0318@example.com
339,Oliver,Moore,1975-06-17,oliver.moore_0319@example.com
340,Sophia,Wilson,1990-01-05,sophia.wilson_0320@example.com
341,Amelia,Johnson,1981-09-02,amelia.johnson_0321@example.com
342,Aria,Smith,1974-06-30,aria.smith_0322@example.com
343,Ava,Anderson,1988-04-14,ava.anderson_0323@example.com
344,Benjamin,Lee,1980-02-28,benjamin.lee_0324@example.com
345,Charlotte,Taylor,1973-10-12,charlotte.taylor_0325@example.com
346,Elijah,Brown,1986-08-22,elijah.brown_0326@example.com
347,Emma,Lewis,1979-02-11,emma.lewis_0327@example.com
348,Ethan,Thomas,1972-07-24,ethan.thomas_0328@example.com
349,Evelyn,Clark,1985-07-07,evelyn.clark_0329@example.com
350,Harper,Martin,1978-05-09,harper.martin_0330@example.com
351,Isabella,Thompson,1971-03-19,isabella.thompson_0331@example.com
352,James,Davis,1984-03-05,james.davis_0332@example.com
353,Liam,Martinez,1977-12-03,liam.martinez_0333@example.com
354,Logan,Walker,1970-12-20,logan.walker_0334@example.com
355,Lucas,Garcia,1983-09-15,lucas.garcia_0335@example.com
356,Mason,Miller,1976-11-18,mason.miller_0336@example.com
357,Mia,White,1969-04-26,mia.white_0337@example.com
358,Noah,Hernandez,1982-01-27,noah.hernandez_0338@example.com
359,Oliver,Moore,1975-06-17,oliver.moore_0339@example.com
360,Sophia,Wilson,1990-01-05,sophia.wilson_0340@example.com
361,Amelia,Johnson,1981-09-02,amelia.johnson_0341@example.com
362,Aria,Smith,1974-06-30,aria.smith_0342@example.com
363,Ava,Anderson,1988-04-14,ava.anderson_0343@example.com
364,Benjamin,Lee,1980-02-28,benjamin.lee_0344@example.com
365,Charlotte,Taylor,1973-10-12,charlotte.taylor_0345@example.com
366,Elijah,Brown,1986-08-22,elijah.brown_0346@example.com
367,Emma,Lewis,1979-02-11,emma.lewis_0347@example.com
368,Ethan,Thomas,1972-07-24,ethan.thomas_0348@example.com
369,Evelyn,Clark,1985-07-07,evelyn.clark_0349@example.com
370,Harper,Martin,1978-05-09,harper.martin_0350@example.com
371,Isabella,Thompson,1971-03-19,isabella.thompson_0351@example.com
372,James,Davis,1984-03-05,james.davis_0352@example.com
373,Liam,Martinez,1977-12-03,liam.martinez_0353@example.com
374,Logan,Walker,1970-12-20,logan.walker_0354@example.com
375,Lucas,Garcia,1983-09-15,lucas.garcia_0355@example.com
376,Mason,Miller,1976-11-18,mason.miller_0356@example.com
377,Mia,White,1969-04-26,mia.white_0357@example.com
378,Noah,Hernandez,1982-01-27,noah.hernandez_0358@example.com
379,Oliver,Moore,1975-06-17,oliver.moore_0359@example.com
380,Sophia,Wilson,1990-01-05,sophia.wilson_0360@example.com
381,Amelia,Johnson,1981-09-02,amelia.johnson_0361@example.com
382,Aria,Smith,1974-06-30,aria.smith_0362@example.com
383,Ava,Anderson,1988-04-14,ava.anderson_0363@example.com
384,Benjamin,Lee,1980-02-28,benjamin.lee_0364@example.com
385,Charlotte,Taylor,1973-10-12,charlotte.taylor_0365@example.com
386,Elijah,Brown,1986-08-22,elijah.brown_0366@example.com
387,Emma,Lewis,1979-02-11,emma.lewis_0367@example.com
388,Ethan,Thomas,1972-07-24,ethan.thomas_0368@example.com
389,Evelyn,Clark,1985-07-07,evelyn.clark_0369@example.com
390,Harper,Martin,1978-05-09,harper.martin_0370@example.com
391,Isabella,Thompson,1971-03-19,isabella.thompson_0371@example.com
392,James,Davis,1984-03-05,james.davis_0372@example.com
393,Liam,Martinez,1977-12-03,liam.martinez_0373@example.com
394,Logan,Walker,1970-12-20,logan.walker_0374@example.com
395,Lucas,Garcia,1983-09-15,lucas.garcia_0375@example.com
396,Mason,Miller,1976-11-18,mason.miller_0376@example.com
397,Mia,White,1969-04-26,mia.white_0377@example.com
398,Noah,Hernandez,1982-01-27,noah.hernandez_0378@example.com
399,Oliver,Moore,1975-06-17,oliver.moore_0379@example.com
400,Sophia,Wilson,1990-01-05,sophia.wilson_0380@example.com
401,Amelia,Johnson,1981-09-02,amelia.johnson_0381@example.com
402,Aria,Smith,1974-06-30,aria.smith_0382@example.com
403,Ava,Anderson,1988-04-14,ava.anderson_0383@example.com
404,Benjamin,Lee,1980-02-28,benjamin.lee_0384@example.com
405,Charlotte,Taylor,1973-10-12,charlotte.taylor_0385@example.com
406,Elijah,Brown,1986-08-22,elijah.brown_0386@example.com
407,Emma,Lewis,1979-02-11,emma.lewis_0387@example.com
408,Ethan,Thomas,1972-07-24,ethan.thomas_0388@example.com
409,Evelyn,Clark,1985-07-07,evelyn.clark_0389@example.com
410,Harper,Martin,1978-05-09,harper.martin_0390@example.com
411,Isabella,Thompson,1971-03-19,isabella.thompson_0391@example.com
412,James,Davis,1984-03-05,james.davis_0392@example.com
413,Liam,Martinez,1977-12-03,liam.martinez_0393@example.com
414,Logan,Walker,1970-12-20,logan.walker_0394@example.com
415,Lucas,Garcia,1983-09-15,lucas.garcia_0395@example.com
416,Mason,Miller,1976-11-18,mason.miller_0396@example.com
417,Mia,White,1969-04-26,mia.white_0397@example.com
418,Noah,Hernandez,1982-01-27,noah.hernandez_0398@example.com
419,Oliver,Moore,1975-06-17,oliver.moore_0399@example.com
420,Sophia,Wilson,1990-01-05,sophia.wilson_0400@example.com
421,Amelia,Johnson,1981-09-02,amelia.johnson_0401@example.com
422,Aria,Smith,1974-06-30,aria.smith_0402@example.com
423,Ava,Anderson,1988-04-14,ava.anderson_0403@example.com
424,Benjamin,Lee,1980-02-28,benjamin.lee_0404@example.com
425,Charlotte,Taylor,1973-10-12,charlotte.taylor_0405@example.com
426,Elijah,Brown,1986-08-22,elijah.brown_0406@example.com
427,Emma,Lewis,1979-02-11,emma.lewis_0407@example.com
428,Ethan,Thomas,1972-07-24,ethan.thomas_0408@example.com
429,Evelyn,Clark,1985-07-07,evelyn.clark_0409@example.com
430,Harper,Martin,1978-05-09,harper.martin_0410@example.com
431,Isabella,Thompson,1971-03-19,isabella.thompson_0411@example.com
432,James,Davis,1984-03-05,james.davis_0412@example.com
433,Liam,Martinez,1977-12-03,liam.martinez_0413@example.com
434,Logan,Walker,1970-12-20,logan.walker_0414@example.com
435,Lucas,Garcia,1983-09-15,lucas.garcia_0415@example.com
436,Mason,Miller,1976-11-18,mason.miller_0416@example.com
437,Mia,White,1969-04-26,mia.white_0417@example.com
438,Noah,Hernandez,1982-01-27,noah.hernandez_0418@example.com
439,Oliver,Moore,1975-06-17,oliver.moore_0419@example.com
440,Sophia,Wilson,1990-01-05,sophia.wilson_0420@example.com
441,Amelia,Johnson,1981-09-02,amelia.johnson_0421@example.com
442,Aria,Smith,1974-06-30,aria.smith_0422@example.com
443,Ava,Anderson,1988-04-14,ava.anderson_0423@example.com
444,Benjamin,Lee,1980-02-28,benjamin.lee_0424@example.com
445,Charlotte,Taylor,1973-10-12,charlotte.taylor_0425@example.com
446,Elijah,Brown,1986-08-22,elijah.brown_0426@example.com
447,Emma,Lewis,1979-02-11,emma.lewis_0427@example.com
448,Ethan,Thomas,1972-07-24,ethan.thomas_0428@example.com
449,Evelyn,Clark,1985-07-07,evelyn.clark_0429@example.com
450,Harper,Martin,1978-05-09,harper.martin_0430@example.com
451,Isabella,Thompson,1971-03-19,isabella.thompson_0431@example.com
452,James,Davis,1984-03-05,james.davis_0432@example.com
453,Liam,Martinez,1977-12-03,liam.martinez_0433@example.com
454,Logan,Walker,1970-12-20,logan.walker_0434@example.com
455,Lucas,Garcia,1983-09-15,lucas.garcia_0435@example.com
456,Mason,Miller,1976-11-18,mason.miller_0436@example.com
457,Mia,White,1969-04-26,mia.white_0437@example.com
458,Noah,Hernandez,1982-01-27,noah.hernandez_0438@example.com
459,Oliver,Moore,1975-06-17,oliver.moore_0439@example.com
460,Sophia,Wilson,1990-01-05,sophia.wilson_0440@example.com
461,Amelia,Johnson,1981-09-02,amelia.johnson_0441@example.com
462,Aria,Smith,1974-06-30,aria.smith_0442@example.com
463,Ava,Anderson,1988-04-14,ava.anderson_0443@example.com
464,Benjamin,Lee,1980-02-28,benjamin.lee_0444@example.com
465,Charlotte,Taylor,1973-10-12,charlotte.taylor_0445@example.com
466,Elijah,Brown,1986-08-22,elijah.brown_0446@example.com
467,Emma,Lewis,1979-02-11,emma.lewis_0447@example.com
468,Ethan,Thomas,1972-07-24,ethan.thomas_0448@example.com
469,Evelyn,Clark,1985-07-07,evelyn.clark_0449@example.com
470,Harper,Martin,1978-05-09,harper.martin_0450@example.com
471,Isabella,Thompson,1971-03-19,isabella.thompson_0451@example.com
472,James,Davis,1984-03-05,james.davis_0452@example.com
473,Liam,Martinez,1977-12-03,liam.martinez_0453@example.com
474,Logan,Walker,1970-12-20,logan.walker_0454@example.com
475,Lucas,Garcia,1983-09-15,lucas.garcia_0455@example.com
476,Mason,Miller,1976-11-18,mason.miller_0456@example.com
477,Mia,White,1969-04-26,mia.white_0457@example.com
478,Noah,Hernandez,1982-01-27,noah.hernandez_0458@example.com
479,Oliver,Moore,1975-06-17,oliver.moore_0459@example.com
480,Sophia,Wilson,1990-01-05,sophia.wilson_0460@example.com
481,Amelia,Johnson,1981-09-02,amelia.johnson_0461@example.com
482,Aria,Smith,1974-06-30,aria.smith_0462@example.com
483,Ava,Anderson,1988-04-14,ava.anderson_0463@example.com
484,Benjamin,Lee,1980-02-28,benjamin.lee_0464@example.com
485,Charlotte,Taylor,1973-10-12,charlotte.taylor_0465@example.com
486,Elijah,Brown,1986-08-22,elijah.brown_0466@example.com
487,Emma,Lewis,1979-02-11,emma.lewis_0467@example.com
488,Ethan,Thomas,1972-07-24,ethan.thomas_0468@example.com
489,Evelyn,Clark,1985-07-07,evelyn.clark_0469@example.com
490,Harper,Martin,1978-05-09,harper.martin_0470@example.com
491,Isabella,Thompson,1971-03-19,isabella.thompson_0471@example.com
492,James,Davis,1984-03-05,james.davis_0472@example.com
493,Liam,Martinez,1977-12-03,liam.martinez_0473@example.com
494,Logan,Walker,1970-12-20,logan.walker_0474@example.com
495,Lucas,Garcia,1983-09-15,lucas.garcia_0475@example.com
496,Mason,Miller,1976-11-18,mason.miller_0476@example.com
497,Mia,White,1969-04-26,mia.white_0477@example.com
498,Noah,Hernandez,1982-01-27,noah.hernandez_0478@example.com
499,Oliver,Moore,1975-06-17,oliver.moore_0479@example.com
500,Sophia,Wilson,1990-01-05,sophia.wilson_0480@example.com
501,Amelia,Johnson,1981-09-02,amelia.johnson_0481@example.com
502,Aria,Smith,1974-06-30,aria.smith_0482@example.com
503,Ava,Anderson,1988-04-14,ava.anderson_0483@example.com
504,Benjamin,Lee,1980-02-28,benjamin.lee_0484@example.com
505,Charlotte,Taylor,1973-10-12,charlotte.taylor_0485@example.com
506,Elijah,Brown,1986-08-22,elijah.brown_0486@example.com
507,Emma,Lewis,1979-02-11,emma.lewis_0487@example.com
508,Ethan,Thomas,1972-07-24,ethan.thomas_0488@example.com
509,Evelyn,Clark,1985-07-07,evelyn.clark_0489@example.com
510,Harper,Martin,1978-05-09,harper.martin_0490@example.com
511,Isabella,Thompson,1971-03-19,isabella.thompson_0491@example.com
512,James,Davis,1984-03-05,james.davis_0492@example.com
513,Liam,Martinez,1977-12-03,liam.martinez_0493@example.com
514,Logan,Walker,1970-12-20,logan.walker_0494@example.com
515,Lucas,Garcia,1983-09-15,lucas.garcia_0495@example.com
516,Mason,Miller,1976-11-18,mason.miller_0496@example.com
517,Mia,White,1969-04-26,mia.white_0497@example.com
518,Noah,Hernandez,1982-01-27,noah.hernandez_0498@example.com
519,Oliver,Moore,1975-06-17,oliver.moore_0499@example.com
520,Sophia,Wilson,1990-01-05,sophia.wilson_0500@example.com
521,Amelia,Johnson,1981-09-02,amelia.johnson_0501@example.com
522,Aria,Smith,1974-06-30,aria.smith_0502@example.com
523,Ava,Anderson,1988-04-14,ava.anderson_0503@example.com
524,Benjamin,Lee,1980-02-28,benjamin.lee_0504@example.com
525,Charlotte,Taylor,1973-10-12,charlotte.taylor_0505@example.com
526,Elijah,Brown,1986-08-22,elijah.brown_0506@example.com
527,Emma,Lewis,1979-02-11,emma.lewis_0507@example.com
528,Ethan,Thomas,1972-07-24,ethan.thomas_0508@example.com
529,Evelyn,Clark,1985-07-07,evelyn.clark_0509@example.com
530,Harper,Martin,1978-05-09,harper.martin_0510@example.com
531,Isabella,Thompson,1971-03-19,isabella.thompson_0511@example.com
532,James,Davis,1984-03-05,james.davis_0512@example.com
533,Liam,Martinez,1977-12-03,liam.martinez_0513@example.com
534,Logan,Walker,1970-12-20,logan.walker_0514@example.com
535,Lucas,Garcia,1983-09-15,lucas.garcia_0515@example.com
536,Mason,Miller,1976-11-18,mason.miller_0516@example.com
537,Mia,White,1969-04-26,mia.white_0517@example.com
538,Noah,Hernandez,1982-01-27,noah.hernandez_0518@example.com
539,Oliver,Moore,1975-06-17,oliver.moore_0519@example.com
540,Sophia,Wilson,1990-01-05,sophia.wilson_0520@example.com
541,Amelia,Johnson,1981-09-02,amelia.johnson_0521@example.com
542,Aria,Smith,1974-06-30,aria.smith_0522@example.com
543,Ava,Anderson,1988-04-14,ava.anderson_0523@example.com
544,Benjamin,Lee,1980-02-28,benjamin.lee_0524@example.com
545,Charlotte,Taylor,1973-10-12,charlotte.taylor_0525@example.com
546,Elijah,Brown,1986-08-22,elijah.brown_0526@example.com
547,Emma,Lewis,1979-02-11,emma.lewis_0527@example.com
548,Ethan,Thomas,1972-07-24,ethan.thomas_0528@example.com
549,Evelyn,Clark,1985-07-07,evelyn.clark_0529@example.com
550,Harper,Martin,1978-05-09,harper.martin_0530@example.com
551,Isabella,Thompson,1971-03-19,isabella.thompson_0531@example.com
552,James,Davis,1984-03-05,james.davis_0532@example.com
553,Liam,Martinez,1977-12-03,liam.martinez_0533@example.com
554,Logan,Walker,1970-12-20,logan.walker_0534@example.com
555,Lucas,Garcia,1983-09-15,lucas.garcia_0535@example.com
556,Mason,Miller,1976-11-18,mason.miller_0536@example.com
557,Mia,White,1969-04-26,mia.white_0537@example.com
558,Noah,Hernandez,1982-01-27,noah.hernandez_0538@example.com
559,Oliver,Moore,1975-06-17,oliver.moore_0539@example.com
560,Sophia,Wilson,1990-01-05,sophia.wilson_0540@example.com
561,Amelia,Johnson,1981-09-02,amelia.johnson_0541@example.com
562,Aria,Smith,1974-06-30,aria.smith_0542@example.com
563,Ava,Anderson,1988-04-14,ava.anderson_0543@example.com
564,Benjamin,Lee,1980-02-28,benjamin.lee_0544@example.com
565,Charlotte,Taylor,1973-10-12,charlotte.taylor_0545@example.com
566,Elijah,Brown,1986-08-22,elijah.brown_0546@example.com
567,Emma,Lewis,1979-02-11,emma.lewis_0547@example.com
568,Ethan,Thomas,1972-07-24,ethan.thomas_0548@example.com
569,Evelyn,Clark,1985-07-07,evelyn.clark_0549@example.com
570,Harper,Martin,1978-05-09,harper.martin_0550@example.com
571,Isabella,Thompson,1971-03-19,isabella.thompson_0551@example.com
572,James,Davis,1984-03-05,james.davis_0552@example.com
573,Liam,Martinez,1977-12-03,liam.martinez_0553@example.com
574,Logan,Walker,1970-12-20,logan.walker_0554@example.com
575,Lucas,Garcia,1983-09-15,lucas.garcia_0555@example.com
576,Mason,Miller,1976-11-18,mason.miller_0556@example.com
577,Mia,White,1969-04-26,mia.white_0557@example.com
578,Noah,Hernandez,1982-01-27,noah.hernandez_0558@example.com
579,Oliver,Moore,1975-06-17,oliver.moore_0559@example.com
580,Sophia,Wilson,1990-01-05,sophia.wilson_0560@example.com
581,Amelia,Johnson,1981-09-02,amelia.johnson_0561@example.com
582,Aria,Smith,1974-06-30,aria.smith_0562@example.com
583,Ava,Anderson,1988-04-14,ava.anderson_0563@example.com
584,Benjamin,Lee,1980-02-28,benjamin.lee_0564@example.com
585,Charlotte,Taylor,1973-10-12,charlotte.taylor_0565@example.com
586,Elijah,Brown,1986-08-22,elijah.brown_0566@example.com
587,Emma,Lewis,1979-02-11,emma.lewis_0567@example.com
588,Ethan,Thomas,1972-07-24,ethan.thomas_0568@example.com
589,Evelyn,Clark,1985-07-07,evelyn.clark_0569@example.com
590,Harper,Martin,1978-05-09,harper.martin_0570@example.com
591,Isabella,Thompson,1971-03-19,isabella.thompson_0571@example.com
592,James,Davis,1984-03-05,james.davis_0572@example.com
593,Liam,Martinez,1977-12-03,liam.martinez_0573@example.com
594,Logan,Walker,1970-12-20,logan.walker_0574@example.com
595,Lucas,Garcia,1983-09-15,lucas.garcia_0575@example.com
596,Mason,Miller,1976-11-18,mason.miller_0576@example.com
597,Mia,White,1969-04-26,mia.white_0577@example.com
598,Noah,Hernandez,1982-01-27,noah.hernandez_0578@example.com
599,Oliver,Moore,1975-06-17,oliver.moore_0579@example.com
600,Sophia,Wilson,1990-01-05,sophia.wilson_0580@example.com
601,Amelia,Johnson,1981-09-02,amelia.johnson_0581@example.com
602,Aria,Smith,1974-06-30,aria.smith_0582@example.com
603,Ava,Anderson,1988-04-14,ava.anderson_0583@example.com
604,Benjamin,Lee,1980-02-28,benjamin.lee_0584@example.com
605,Charlotte,Taylor,1973-10-12,charlotte.taylor_0585@example.com
606,Elijah,Brown,1986-08-22,elijah.brown_0586@example.com
607,Emma,Lewis,1979-02-11,emma.lewis_0587@example.com
608,Ethan,Thomas,1972-07-24,ethan.thomas_0588@example.com
609,Evelyn,Clark,1985-07-07,evelyn.clark_0589@example.com
610,Harper,Martin,1978-05-09,harper.martin_0590@example.com
611,Isabella,Thompson,1971-03-19,isabella.thompson_0591@example.com
612,James,Davis,1984-03-05,james.davis_0592@example.com
613,Liam,Martinez,1977-12-03,liam.martinez_0593@example.com
614,Logan,Walker,1970-12-20,logan.walker_0594@example.com
615,Lucas,Garcia,1983-09-15,lucas.garcia_0595@example.com
616,Mason,Miller,1976-11-18,mason.miller_0596@example.com
617,Mia,White,1969-04-26,mia.white_0597@example.com
618,Noah,Hernandez,1982-01-27,noah.hernandez_0598@example.com
619,Oliver,Moore,1975-06-17,oliver.moore_0599@example.com
620,Sophia,Wilson,1990-01-05,sophia.wilson_0600@example.com
621,Amelia,Johnson,1981-09-02,amelia.johnson_0601@example.com
622,Aria,Smith,1974-06-30,aria.smith_0602@example.com
623,Ava,Anderson,1988-04-14,ava.anderson_0603@example.com
624,Benjamin,Lee,1980-02-28,benjamin.lee_0604@example.com
625,Charlotte,Taylor,1973-10-12,charlotte.taylor_0605@example.com
626,Elijah,Brown,1986-08-22,elijah.brown_0606@example.com
627,Emma,Lewis,1979-02-11,emma.lewis_0607@example.com
628,Ethan,Thomas,1972-07-24,ethan.thomas_0608@example.com
629,Evelyn,Clark,1985-07-07,evelyn.clark_0609@example.com
630,Harper,Martin,1978-05-09,harper.martin_0610@example.com
631,Isabella,Thompson,1971-03-19,isabella.thompson_0611@example.com
632,James,Davis,1984-03-05,james.davis_0612@example.com
633,Liam,Martinez,1977-12-03,liam.martinez_0613@example.com
634,Logan,Walker,1970-12-20,logan.walker_0614@example.com
635,Lucas,Garcia,1983-09-15,lucas.garcia_0615@example.com
636,Mason,Miller,1976-11-18,mason.miller_0616@example.com
637,Mia,White,1969-04-26,mia.white_0617@example.com
638,Noah,Hernandez,1982-01-27,noah.hernandez_0618@example.com
639,Oliver,Moore,1975-06-17,oliver.moore_0619@example.com
640,Sophia,Wilson,1990-01-05,sophia.wilson_0620@example.com
641,Amelia,Johnson,1981-09-02,amelia.johnson_0621@example.com
642,Aria,Smith,1974-06-30,aria.smith_0622@example.com
643,Ava,Anderson,1988-04-14,ava.anderson_0623@example.com
644,Benjamin,Lee,1980-02-28,benjamin.lee_0624@example.com
645,Charlotte,Taylor,1973-10-12,charlotte.taylor_0625@example.com
646,Elijah,Brown,1986-08-22,elijah.brown_0626@example.com
647,Emma,Lewis,1979-02-11,emma.lewis_0627@example.com
648,Ethan,Thomas,1972-07-24,ethan.thomas_0628@example.com
649,Evelyn,Clark,1985-07-07,evelyn.clark_0629@example.com
650,Harper,Martin,1978-05-09,harper.martin_0630@example.com
651,Isabella,Thompson,1971-03-19,isabella.thompson_0631@example.com
652,James,Davis,1984-03-05,james.davis_0632@example.com
653,Liam,Martinez,1977-12-03,liam.martinez_0633@example.com
654,Logan,Walker,1970-12-20,logan.walker_0634@example.com
655,Lucas,Garcia,1983-09-15,lucas.garcia_0635@example.com
656,Mason,Miller,1976-11-18,mason.miller_0636@example.com
657,Mia,White,1969-04-26,mia.white_0637@example.com
658,Noah,Hernandez,1982-01-27,noah.hernandez_0638@example.com
659,Oliver,Moore,1975-06-17,oliver.moore_0639@example.com
660,Sophia,Wilson,1990-01-05,sophia.wilson_0640@example.com
661,Amelia,Johnson,1981-09-02,amelia.johnson_0641@example.com
662,Aria,Smith,1974-06-30,aria.smith_0642@example.com
663,Ava,Anderson,1988-04-14,ava.anderson_0643@example.com
664,Benjamin,Lee,1980-02-28,benjamin.lee_0644@example.com
665,Charlotte,Taylor,1973-10-12,charlotte.taylor_0645@example.com
666,Elijah,Brown,1986-08-22,elijah.brown_0646@example.com
667,Emma,Lewis,1979-02-11,emma.lewis_0647@example.com
668,Ethan,Thomas,1972-07-24,ethan.thomas_0648@example.com
669,Evelyn,Clark,1985-07-07,evelyn.clark_0649@example.com
670,Harper,Martin,1978-05-09,harper.martin_0650@example.com
671,Isabella,Thompson,1971-03-19,isabella.thompson_0651@example.com
672,James,Davis,1984-03-05,james.davis_0652@example.com
673,Liam,Martinez,1977-12-03,liam.martinez_0653@example.com
674,Logan,Walker,1970-12-20,logan.walker_0654@example.com
675,Lucas,Garcia,1983-09-15,lucas.garcia_0655@example.com
676,Mason,Miller,1976-11-18,mason.miller_0656@example.com
677,Mia,White,1969-04-26,mia.white_0657@example.com
678,Noah,Hernandez,1982-01-27,noah.hernandez_0658@example.com
679,Oliver,Moore,1975-06-17,oliver.moore_0659@example.com
680,Sophia,Wilson,1990-01-05,sophia.wilson_0660@example.com
681,Amelia,Johnson,1981-09-02,amelia.johnson_0661@example.com
682,Aria,Smith,1974-06-30,aria.smith_0662@example.com
683,Ava,Anderson,1988-04-14,ava.anderson_0663@example.com
684,Benjamin,Lee,1980-02-28,benjamin.lee_0664@example.com
685,Charlotte,Taylor,1973-10-12,charlotte.taylor_0665@example.com
686,Elijah,Brown,1986-08-22,elijah.brown_0666@example.com
687,Emma,Lewis,1979-02-11,emma.lewis_0667@example.com
688,Ethan,Thomas,1972-07-24,ethan.thomas_0668@example.com
689,Evelyn,Clark,1985-07-07,evelyn.clark_0669@example.com
690,Harper,Martin,1978-05-09,harper.martin_0670@example.com
691,Isabella,Thompson,1971-03-19,isabella.thompson_0671@example.com
692,James,Davis,1984-03-05,james.davis_0672@example.com
693,Liam,Martinez,1977-12-03,liam.martinez_0673@example.com
694,Logan,Walker,1970-12-20,logan.walker_0674@example.com
695,Lucas,Garcia,1983-09-15,lucas.garcia_0675@example.com
696,Mason,Miller,1976-11-18,mason.miller_0676@example.com
697,Mia,White,1969-04-26,mia.white_0677@example.com
698,Noah,Hernandez,1982-01-27,noah.hernandez_0678@example.com
699,Oliver,Moore,1975-06-17,oliver.moore_0679@example.com
700,Sophia,Wilson,1990-01-05,sophia.wilson_0680@example.com
701,Amelia,Johnson,1981-09-02,amelia.johnson_0681@example.com
702,Aria,Smith,1974-06-30,aria.smith_0682@example.com
703,Ava,Anderson,1988-04-14,ava.anderson_0683@example.com
704,Benjamin,Lee,1980-02-28,benjamin.lee_0684@example.com
705,Charlotte,Taylor,1973-10-12,charlotte.taylor_0685@example.com
706,Elijah,Brown,1986-08-22,elijah.brown_0686@example.com
707,Emma,Lewis,1979-02-11,emma.lewis_0687@example.com
708,Ethan,Thomas,1972-07-24,ethan.thomas_0688@example.com
709,Evelyn,Clark,1985-07-07,evelyn.clark_0689@example.com
710,Harper,Martin,1978-05-09,harper.martin_0690@example.com
711,Isabella,Thompson,1971-03-19,isabella.thompson_0691@example.com
712,James,Davis,1984-03-05,james.davis_0692@example.com
713,Liam,Martinez,1977-12-03,liam.martinez_0693@example.com
714,Logan,Walker,1970-12-20,logan.walker_0694@example.com
715,Lucas,Garcia,1983-09-15,lucas.garcia_0695@example.com
716,Mason,Miller,1976-11-18,mason.miller_0696@example.com
717,Mia,White,1969-04-26,mia.white_0697@example.com
718,Noah,Hernandez,1982-01-27,noah.hernandez_0698@example.com
719,Oliver,Moore,1975-06-17,oliver.moore_0699@example.com
720,Sophia,Wilson,1990-01-05,sophia.wilson_0700@example.com
721,Amelia,Johnson,1981-09-02,amelia.johnson_0701@example.com
722,Aria,Smith,1974-06-30,aria.smith_0702@example.com
723,Ava,Anderson,1988-04-14,ava.anderson_0703@example.com
724,Benjamin,Lee,1980-02-28,benjamin.lee_0704@example.com
725,Charlotte,Taylor,1973-10-12,charlotte.taylor_0705@example.com
726,Elijah,Brown,1986-08-22,elijah.brown_0706@example.com
727,Emma,Lewis,1979-02-11,emma.lewis_0707@example.com
728,Ethan,Thomas,1972-07-24,ethan.thomas_0708@example.com
729,Evelyn,Clark,1985-07-07,evelyn.clark_0709@example.com
730,Harper,Martin,1978-05-09,harper.martin_0710@example.com
731,Isabella,Thompson,1971-03-19,isabella.thompson_0711@example.com
732,James,Davis,1984-03-05,james.davis_0712@example.com
733,Liam,Martinez,1977-12-03,liam.martinez_0713@example.com
734,Logan,Walker,1970-12-20,logan.walker_0714@example.com
735,Lucas,Garcia,1983-09-15,lucas.garcia_0715@example.com
736,Mason,Miller,1976-11-18,mason.miller_0716@example.com
737,Mia,White,1969-04-26,mia.white_0717@example.com
738,Noah,Hernandez,1982-01-27,noah.hernandez_0718@example.com
739,Oliver,Moore,1975-06-17,oliver.moore_0719@example.com
740,Sophia,Wilson,1990-01-05,sophia.wilson_0720@example.com
741,Amelia,Johnson,1981-09-02,amelia.johnson_0721@example.com
742,Aria,Smith,1974-06-30,aria.smith_0722@example.com
743,Ava,Anderson,1988-04-14,ava.anderson_0723@example.com
744,Benjamin,Lee,1980-02-28,benjamin.lee_0724@example.com
745,Charlotte,Taylor,1973-10-12,charlotte.taylor_0725@example.com
746,Elijah,Brown,1986-08-22,elijah.brown_0726@example.com
747,Emma,Lewis,1979-02-11,emma.lewis_0727@example.com
748,Ethan,Thomas,1972-07-24,ethan.thomas_0728@example.com
749,Evelyn,Clark,1985-07-07,evelyn.clark_0729@example.com
750,Harper,Martin,1978-05-09,harper.martin_0730@example.com
751,Isabella,Thompson,1971-03-19,isabella.thompson_0731@example.com
752,James,Davis,1984-03-05,james.davis_0732@example.com
753,Liam,Martinez,1977-12-03,liam.martinez_0733@example.com
754,Logan,Walker,1970-12-20,logan.walker_0734@example.com
755,Lucas,Garcia,1983-09-15,lucas.garcia_0735@example.com
756,Mason,Miller,1976-11-18,mason.miller_0736@example.com
757,Mia,White,1969-04-26,mia.white_0737@example.com
758,Noah,Hernandez,1982-01-27,noah.hernandez_0738@example.com
759,Oliver,Moore,1975-06-17,oliver.moore_0739@example.com
760,Sophia,Wilson,1990-01-05,sophia.wilson_0740@example.com
761,Amelia,Johnson,1981-09-02,amelia.johnson_0741@example.com
762,Aria,Smith,1974-06-30,aria.smith_0742@example.com
763,Ava,Anderson,1988-04-14,ava.anderson_0743@example.com
764,Benjamin,Lee,1980-02-28,benjamin.lee_0744@example.com
765,Charlotte,Taylor,1973-10-12,charlotte.taylor_0745@example.com
766,Elijah,Brown,1986-08-22,elijah.brown_0746@example.com
767,Emma,Lewis,1979-02-11,emma.lewis_0747@example.com
768,Ethan,Thomas,1972-07-24,ethan.thomas_0748@example.com
769,Evelyn,Clark,1985-07-07,evelyn.clark_0749@example.com
770,Harper,Martin,1978-05-09,harper.martin_0750@example.com
771,Isabella,Thompson,1971-03-19,isabella.thompson_0751@example.com
772,James,Davis,1984-03-05,james.davis_0752@example.com
773,Liam,Martinez,1977-12-03,liam.martinez_0753@example.com
774,Logan,Walker,1970-12-20,logan.walker_0754@example.com
775,Lucas,Garcia,1983-09-15,lucas.garcia_0755@example.com
776,Mason,Miller,1976-11-18,mason.miller_0756@example.com
777,Mia,White,1969-04-26,mia.white_0757@example.com
778,Noah,Hernandez,1982-01-27,noah.hernandez_0758@example.com
779,Oliver,Moore,1975-06-17,oliver.moore_0759@example.com
780,Sophia,Wilson,1990-01-05,sophia.wilson_0760@example.com
781,Amelia,Johnson,1981-09-02,amelia.johnson_0761@example.com
782,Aria,Smith,1974-06-30,aria.smith_0762@example.com
783,Ava,Anderson,1988-04-14,ava.anderson_0763@example.com
784,Benjamin,Lee,1980-02-28,benjamin.lee_0764@example.com
785,Charlotte,Taylor,1973-10-12,charlotte.taylor_0765@example.com
786,Elijah,Brown,1986-08-22,elijah.brown_0766@example.com
787,Emma,Lewis,1979-02-11,emma.lewis_0767@example.com
788,Ethan,Thomas,1972-07-24,ethan.thomas_0768@example.com
789,Evelyn,Clark,1985-07-07,evelyn.clark_0769@example.com
790,Harper,Martin,1978-05-09,harper.martin_0770@example.com
791,Isabella,Thompson,1971-03-19,isabella.thompson_0771@example.com
792,James,Davis,1984-03-05,james.davis_0772@example.com
793,Liam,Martinez,1977-12-03,liam.martinez_0773@example.com
794,Logan,Walker,1970-12-20,logan.walker_0774@example.com
795,Lucas,Garcia,1983-09-15,lucas.garcia_0775@example.com
796,Mason,Miller,1976-11-18,mason.miller_0776@example.com
797,Mia,White,1969-04-26,mia.white_0777@example.com
798,Noah,Hernandez,1982-01-27,noah.hernandez_0778@example.com
799,Oliver,Moore,1975-06-17,oliver.moore_0779@example.com
800,Sophia,Wilson,1990-01-05,sophia.wilson_0780@example.com
801,Amelia,Johnson,1981-09-02,amelia.johnson_0781@example.com
802,Aria,Smith,1974-06-30,aria.smith_0782@example.com
803,Ava,Anderson,1988-04-14,ava.anderson_0783@example.com
804,Benjamin,Lee,1980-02-28,benjamin.lee_0784@example.com
805,Charlotte,Taylor,1973-10-12,charlotte.taylor_0785@example.com
806,Elijah,Brown,1986-08-22,elijah.brown_0786@example.com
807,Emma,Lewis,1979-02-11,emma.lewis_0787@example.com
808,Ethan,Thomas,1972-07-24,ethan.thomas_0788@example.com
809,Evelyn,Clark,1985-07-07,evelyn.clark_0789@example.com
810,Harper,Martin,1978-05-09,harper.martin_0790@example.com
811,Isabella,Thompson,1971-03-19,isabella.thompson_0791@example.com
812,James,Davis,1984-03-05,james.davis_0792@example.com
813,Liam,Martinez,1977-12-03,liam.martinez_0793@example.com
814,Logan,Walker,1970-12-20,logan.walker_0794@example.com
815,Lucas,Garcia,1983-09-15,lucas.garcia_0795@example.com
816,Mason,Miller,1976-11-18,mason.miller_0796@example.com
817,Mia,White,1969-04-26,mia.white_0797@example.com
818,Noah,Hernandez,1982-01-27,noah.hernandez_0798@example.com
819,Oliver,Moore,1975-06-17,oliver.moore_0799@example.com
820,Sophia,Wilson,1990-01-05,sophia.wilson_0800@example.com
821,Amelia,Johnson,1981-09-02,amelia.johnson_0801@example.com
822,Aria,Smith,1974-06-30,aria.smith_0802@example.com
823,Ava,Anderson,1988-04-14,ava.anderson_0803@example.com
824,Benjamin,Lee,1980-02-28,benjamin.lee_0804@example.com
825,Charlotte,Taylor,1973-10-12,charlotte.taylor_0805@example.com
826,Elijah,Brown,1986-08-22,elijah.brown_0806@example.com
827,Emma,Lewis,1979-02-11,emma.lewis_0807@example.com
828,Ethan,Thomas,1972-07-24,ethan.thomas_0808@example.com
829,Evelyn,Clark,1985-07-07,evelyn.clark_0809@example.com
830,Harper,Martin,1978-05-09,harper.martin_0810@example.com
831,Isabella,Thompson,1971-03-19,isabella.thompson_0811@example.com
832,James,Davis,1984-03-05,james.davis_0812@example.com
833,Liam,Martinez,1977-12-03,liam.martinez_0813@example.com
834,Logan,Walker,1970-12-20,logan.walker_0814@example.com
835,Lucas,Garcia,1983-09-15,lucas.garcia_0815@example.com
836,Mason,Miller,1976-11-18,mason.miller_0816@example.com
837,Mia,White,1969-04-26,mia.white_0817@example.com
838,Noah,Hernandez,1982-01-27,noah.hernandez_0818@example.com
839,Oliver,Moore,1975-06-17,oliver.moore_0819@example.com
840,Sophia,Wilson,1990-01-05,sophia.wilson_0820@example.com
841,Amelia,Johnson,1981-09-02,amelia.johnson_0821@example.com
842,Aria,Smith,1974-06-30,aria.smith_0822@example.com
843,Ava,Anderson,1988-04-14,ava.anderson_0823@example.com
844,Benjamin,Lee,1980-02-28,benjamin.lee_0824@example.com
845,Charlotte,Taylor,1973-10-12,charlotte.taylor_0825@example.com
846,Elijah,Brown,1986-08-22,elijah.brown_0826@example.com
847,Emma,Lewis,1979-02-11,emma.lewis_0827@example.com
848,Ethan,Thomas,1972-07-24,ethan.thomas_0828@example.com
849,Evelyn,Clark,1985-07-07,evelyn.clark_0829@example.com
850,Harper,Martin,1978-05-09,harper.martin_0830@example.com
851,Isabella,Thompson,1971-03-19,isabella.thompson_0831@example.com
852,James,Davis,1984-03-05,james.davis_0832@example.com
853,Liam,Martinez,1977-12-03,liam.martinez_0833@example.com
854,Logan,Walker,1970-12-20,logan.walker_0834@example.com
855,Lucas,Garcia,1983-09-15,lucas.garcia_0835@example.com
856,Mason,Miller,1976-11-18,mason.miller_0836@example.com
857,Mia,White,1969-04-26,mia.white_0837@example.com
858,Noah,Hernandez,1982-01-27,noah.hernandez_0838@example.com
859,Oliver,Moore,1975-06-17,oliver.moore_0839@example.com
860,Sophia,Wilson,1990-01-05,sophia.wilson_0840@example.com
861,Amelia,Johnson,1981-09-02,amelia.johnson_0841@example.com
862,Aria,Smith,1974-06-30,aria.smith_0842@example.com
863,Ava,Anderson,1988-04-14,ava.anderson_0843@example.com
864,Benjamin,Lee,1980-02-28,benjamin.lee_0844@example.com
865,Charlotte,Taylor,1973-10-12,charlotte.taylor_0845@example.com
866,Elijah,Brown,1986-08-22,elijah.brown_0846@example.com
867,Emma,Lewis,1979-02-11,emma.lewis_0847@example.com
868,Ethan,Thomas,1972-07-24,ethan.thomas_0848@example.com
869,Evelyn,Clark,1985-07-07,evelyn.clark_0849@example.com
870,Harper,Martin,1978-05-09,harper.martin_0850@example.com
871,Isabella,Thompson,1971-03-19,isabella.thompson_0851@example.com
872,James,Davis,1984-03-05,james.davis_0852@example.com
873,Liam,Martinez,1977-12-03,liam.martinez_0853@example.com
874,Logan,Walker,1970-12-20,logan.walker_0854@example.com
875,Lucas,Garcia,1983-09-15,lucas.garcia_0855@example.com
876,Mason,Miller,1976-11-18,mason.miller_0856@example.com
877,Mia,White,1969-04-26,mia.white_0857@example.com
878,Noah,Hernandez,1982-01-27,noah.hernandez_0858@example.com
879,Oliver,Moore,1975-06-17,oliver.moore_0859@example.com
880,Sophia,Wilson,1990-01-05,sophia.wilson_0860@example.com
881,Amelia,Johnson,1981-09-02,amelia.johnson_0861@example.com
882,Aria,Smith,1974-06-30,aria.smith_0862@example.com
883,Ava,Anderson,1988-04-14,ava.anderson_0863@example.com
884,Benjamin,Lee,1980-02-28,benjamin.lee_0864@example.com
885,Charlotte,Taylor,1973-10-12,charlotte.taylor_0865@example.com
886,Elijah,Brown,1986-08-22,elijah.brown_0866@example.com
887,Emma,Lewis,1979-02-11,emma.lewis_0867@example.com
888,Ethan,Thomas,1972-07-24,ethan.thomas_0868@example.com
889,Evelyn,Clark,1985-07-07,evelyn.clark_0869@example.com
890,Harper,Martin,1978-05-09,harper.martin_0870@example.com
891,Isabella,Thompson,1971-03-19,isabella.thompson_0871@example.com
892,James,Davis,1984-03-05,james.davis_0872@example.com
893,Liam,Martinez,1977-12-03,liam.martinez_0873@example.com
894,Logan,Walker,1970-12-20,logan.walker_0874@example.com
895,Lucas,Garcia,1983-09-15,lucas.garcia_0875@example.com
896,Mason,Miller,1976-11-18,mason.miller_0876@example.com
897,Mia,White,1969-04-26,mia.white_0877@example.com
898,Noah,Hernandez,1982-01-27,noah.hernandez_0878@example.com
899,Oliver,Moore,1975-06-17,oliver.moore_0879@example.com
900,Sophia,Wilson,1990-01-05,sophia.wilson_0880@example.com
901,Amelia,Johnson,1981-09-02,amelia.johnson_0881@example.com
902,Aria,Smith,1974-06-30,aria.smith_0882@example.com
903,Ava,Anderson,1988-04-14,ava.anderson_0883@example.com
904,Benjamin,Lee,1980-02-28,benjamin.lee_0884@example.com
905,Charlotte,Taylor,1973-10-12,charlotte.taylor_0885@example.com
906,Elijah,Brown,1986-08-22,elijah.brown_0886@example.com
907,Emma,Lewis,1979-02-11,emma.lewis_0887@example.com
908,Ethan,Thomas,1972-07-24,ethan.thomas_0888@example.com
909,Evelyn,Clark,1985-07-07,evelyn.clark_0889@example.com
910,Harper,Martin,1978-05-09,harper.martin_0890@example.com
911,Isabella,Thompson,1971-03-19,isabella.thompson_0891@example.com
912,James,Davis,1984-03-05,james.davis_0892@example.com
913,Liam,Martinez,1977-12-03,liam.martinez_0893@example.com
914,Logan,Walker,1970-12-20,logan.walker_0894@example.com
915,Lucas,Garcia,1983-09-15,lucas.garcia_0895@example.com
916,Mason,Miller,1976-11-18,mason.miller_0896@example.com
917,Mia,White,1969-04-26,mia.white_0897@example.com
918,Noah,Hernandez,1982-01-27,noah.hernandez_0898@example.com
919,Oliver,Moore,1975-06-17,oliver.moore_0899@example.com
920,Sophia,Wilson,1990-01-05,sophia.wilson_0900@example.com
921,Amelia,Johnson,1981-09-02,amelia.johnson_0901@example.com
922,Aria,Smith,1974-06-30,aria.smith_0902@example.com
923,Ava,Anderson,1988-04-14,ava.anderson_0903@example.com
924,Benjamin,Lee,1980-02-28,benjamin.lee_0904@example.com
925,Charlotte,Taylor,1973-10-12,charlotte.taylor_0905@example.com
926,Elijah,Brown,1986-08-22,elijah.brown_0906@example.com
927,Emma,Lewis,1979-02-11,emma.lewis_0907@example.com
928,Ethan,Thomas,1972-07-24,ethan.thomas_0908@example.com
929,Evelyn,Clark,1985-07-07,evelyn.clark_0909@example.com
930,Harper,Martin,1978-05-09,harper.martin_0910@example.com
931,Isabella,Thompson,1971-03-19,isabella.thompson_0911@example.com
932,James,Davis,1984-03-05,james.davis_0912@example.com
933,Liam,Martinez,1977-12-03,liam.martinez_0913@example.com
934,Logan,Walker,1970-12-20,logan.walker_0914@example.com
935,Lucas,Garcia,1983-09-15,lucas.garcia_0915@example.com
936,Mason,Miller,1976-11-18,mason.miller_0916@example.com
937,Mia,White,1969-04-26,mia.white_0917@example.com
938,Noah,Hernandez,1982-01-27,noah.hernandez_0918@example.com
939,Oliver,Moore,1975-06-17,oliver.moore_0919@example.com
940,Sophia,Wilson,1990-01-05,sophia.wilson_0920@example.com
941,Amelia,Johnson,1981-09-02,amelia.johnson_0921@example.com
942,Aria,Smith,1974-06-30,aria.smith_0922@example.com
943,Ava,Anderson,1988-04-14,ava.anderson_0923@example.com
944,Benjamin,Lee,1980-02-28,benjamin.lee_0924@example.com
945,Charlotte,Taylor,1973-10-12,charlotte.taylor_0925@example.com
946,Elijah,Brown,1986-08-22,elijah.brown_0926@example.com
947,Emma,Lewis,1979-02-11,emma.lewis_0927@example.com
948,Ethan,Thomas,1972-07-24,ethan.thomas_0928@example.com
949,Evelyn,Clark,1985-07-07,evelyn.clark_0929@example.com
950,Harper,Martin,1978-05-09,harper.martin_0930@example.com
951,Isabella,Thompson,1971-03-19,isabella.thompson_0931@example.com
952,James,Davis,1984-03-05,james.davis_0932@example.com
953,Liam,Martinez,1977-12-03,liam.martinez_0933@example.com
954,Logan,Walker,1970-12-20,logan.walker_0934@example.com
955,Lucas,Garcia,1983-09-15,lucas.garcia_0935@example.com
956,Mason,Miller,1976-11-18,mason.miller_0936@example.com
957,Mia,White,1969-04-26,mia.white_0937@example.com
958,Noah,Hernandez,1982-01-27,noah.hernandez_0938@example.com
959,Oliver,Moore,1975-06-17,oliver.moore_0939@example.com
960,Sophia,Wilson,1990-01-05,sophia.wilson_0940@example.com
961,Amelia,Johnson,1981-09-02,amelia.johnson_0941@example.com
962,Aria,Smith,1974-06-30,aria.smith_0942@example.com
963,Ava,Anderson,1988-04-14,ava.anderson_0943@example.com
964,Benjamin,Lee,1980-02-28,benjamin.lee_0944@example.com
965,Charlotte,Taylor,1973-10-12,charlotte.taylor_0945@example.com
966,Elijah,Brown,1986-08-22,elijah.brown_0946@example.com
967,Emma,Lewis,1979-02-11,emma.lewis_0947@example.com
968,Ethan,Thomas,1972-07-24,ethan.thomas_0948@example.com
969,Evelyn,Clark,1985-07-07,evelyn.clark_0949@example.com
970,Harper,Martin,1978-05-09,harper.martin_0950@example.com
971,Isabella,Thompson,1971-03-19,isabella.thompson_0951@example.com
972,James,Davis,1984-03-05,james.davis_0952@example.com
973,Liam,Martinez,1977-12-03,liam.martinez_0953@example.com
974,Logan,Walker,1970-12-20,logan.walker_0954@example.com
975,Lucas,Garcia,1983-09-15,lucas.garcia_0955@example.com
976,Mason,Miller,1976-11-18,mason.miller_0956@example.com
977,Mia,White,1969-04-26,mia.white_0957@example.com
978,Noah,Hernandez,1982-01-27,noah.hernandez_0958@example.com
979,Oliver,Moore,1975-06-17,oliver.moore_0959@example.com
980,Sophia,Wilson,1990-01-05,sophia.wilson_0960@example.com
981,Amelia,Johnson,1981-09-02,amelia.johnson_0961@example.com
982,Aria,Smith,1974-06-30,aria.smith_0962@example.com
983,Ava,Anderson,1988-04-14,ava.anderson_0963@example.com
984,Benjamin,Lee,1980-02-28,benjamin.lee_0964@example.com
985,Charlotte,Taylor,1973-10-12,charlotte.taylor_0965@example.com
986,Elijah,Brown,1986-08-22,elijah.brown_0966@example.com
987,Emma,Lewis,1979-02-11,emma.lewis_0967@example.com
988,Ethan,Thomas,1972-07-24,ethan.thomas_0968@example.com
989,Evelyn,Clark,1985-07-07,evelyn.clark_0969@example.com
990,Harper,Martin,1978-05-09,harper.martin_0970@example.com
991,Isabella,Thompson,1971-03-19,isabella.thompson_0971@example.com
992,James,Davis,1984-03-05,james.davis_0972@example.com
993,Liam,Martinez,1977-12-03,liam.martinez_0973@example.com
994,Logan,Walker,1970-12-20,logan.walker_0974@example.com
995,Lucas,Garcia,1983-09-15,lucas.garcia_0975@example.com
996,Mason,Miller,1976-11-18,mason.miller_0976@example.com
997,Mia,White,1969-04-26,mia.white_0977@example.com
998,Noah,Hernandez,1982-01-27,noah.hernandez_0978@example.com
999,Oliver,Moore,1975-06-17,oliver.moore_0979@example.com
1000,Sophia,Wilson,1990-01-05,sophia.wilson_0980@example.com
1001,Amelia,Johnson,1981-09-02,amelia.johnson_0981@example.com
1002,Aria,Smith,1974-06-30,aria.smith_0982@example.com
1003,Ava,Anderson,1988-04-14,ava.anderson_0983@example.com
1004,Benjamin,Lee,1980-02-28,benjamin.lee_0984@example.com
1005,Charlotte,Taylor,1973-10-12,charlotte.taylor_0985@example.com
1006,Elijah,Brown,1986-08-22,elijah.brown_0986@example.com
1007,Emma,Lewis,1979-02-11,emma.lewis_0987@example.com
1008,Ethan,Thomas,1972-07-24,ethan.thomas_0988@example.com
1009,Evelyn,Clark,1985-07-07,evelyn.clark_0989@example.com
1010,Harper,Martin,1978-05-09,harper.martin_0990@example.com
1011,Isabella,Thompson,1971-03-19,isabella.thompson_0991@example.com
1012,James,Davis,1984-03-05,james.davis_0992@example.com
1013,Liam,Martinez,1977-12-03,liam.martinez_0993@example.com
1014,Logan,Walker,1970-12-20,logan.walker_0994@example.com
1015,Lucas,Garcia,1983-09-15,lucas.garcia_0995@example.com
1016,Mason,Miller,1976-11-18,mason.miller_0996@example.com
1017,Mia,White,1969-04-26,mia.white_0997@example.com
1018,Noah,Hernandez,1982-01-27,noah.hernandez_0998@example.com
1019,Oliver,Moore,1975-06-17,oliver.moore_0999@example.com
1020,Sophia,Wilson,1990-01-05,sophia.wilson_1000@example.com
1021,Amelia,Johnson,1981-09-02,amelia.johnson_1001@example.com
1022,Aria,Smith,1974-06-30,aria.smith_1002@example.com
1023,Ava,Anderson,1988-04-14,ava.anderson_1003@example.com
1024,Benjamin,Lee,1980-02-28,benjamin.lee_1004@example.com
1025,Charlotte,Taylor,1973-10-12,charlotte.taylor_1005@example.com
1026,Elijah,Brown,1986-08-22,elijah.brown_1006@example.com
1027,Emma,Lewis,1979-02-11,emma.lewis_1007@example.com
1028,Ethan,Thomas,1972-07-24,ethan.thomas_1008@example.com
1029,Evelyn,Clark,1985-07-07,evelyn.clark_1009@example.com
1030,Harper,Martin,1978-05-09,harper.martin_1010@example.com
1031,Isabella,Thompson,1971-03-19,isabella.thompson_1011@example.com
1032,James,Davis,1984-03-05,james.davis_1012@example.com
1033,Liam,Martinez,1977-12-03,liam.martinez_1013@example.com
1034,Logan,Walker,1970-12-20,logan.walker_1014@example.com
1035,Lucas,Garcia,1983-09-15,lucas.garcia_1015@example.com
1036,Mason,Miller,1976-11-18,mason.miller_1016@example.com
1037,Mia,White,1969-04-26,mia.white_1017@example.com
1038,Noah,Hernandez,1982-01-27,noah.hernandez_1018@example.com
1039,Oliver,Moore,1975-06-17,oliver.moore_1019@example.com
1040,Sophia,Wilson,1990-01-05,sophia.wilson_1020@example.com
1041,Amelia,Johnson,1981-09-02,amelia.johnson_1021@example.com
1042,Aria,Smith,1974-06-30,aria.smith_1022@example.com
1043,Ava,Anderson,1988-04-14,ava.anderson_1023@example.com
1044,Benjamin,Lee,1980-02-28,benjamin.lee_1024@example.com
1045,Charlotte,Taylor,1973-10-12,charlotte.taylor_1025@example.com
1046,Elijah,Brown,1986-08-22,elijah.brown_1026@example.com
1047,Emma,Lewis,1979-02-11,emma.lewis_1027@example.com
1048,Ethan,Thomas,1972-07-24,ethan.thomas_1028@example.com
1049,Evelyn,Clark,1985-07-07,evelyn.clark_1029@example.com
1050,Harper,Martin,1978-05-09,harper.martin_1030@example.com
1171,Bianca,Blackwell,1970-01-01,bianca.blackwell1@filmverse.org
1172,Cameron,Chambers,1970-01-02,cameron.chambers2@filmverse.org
1173,Aaron,Anderson,1970-01-03,aaron.anderson3@filmverse.org
1174,Bianca,Blackwell,1970-01-04,bianca.blackwell4@filmverse.org
1175,Cameron,Chambers,1970-01-05,cameron.chambers5@filmverse.org
