1,The Lost Legion,86,2.99,3.99,14A,0,0,1,96
2,Tides of Destiny 4,89,2.99,3.99,14A,0,0,1,96
3,The Silent Oath,89,2.99,3.99,14A,0,0,1,96
4,Edge of the Abyss 4,90,2.99,3.99,14A,0,0,1,96
5,Wolves Among Us,90,2.99,3.99,14A,0,0,1,96
6,Whispers in the Wind 4,91,2.99,3.99,14A,0,0,1,96
7,Stars Above Avalon 4,92,2.99,3.99,14A,0,0,1,96
8,Shadows of Eternity 4,92,2.99,3.99,14A,0,0,1,96
9,Crescent Moon Rising,93,2.99,3.99,14A,0,0,1,96
10,Crimson Horizon 4,94,2.99,3.99,14A,0,0,1,96
11,The Scarlet Dagger 4,96,2.99,3.99,14A,0,0,1,96
12,Last Light in Paris 4,96,2.99,3.99,14A,0,0,1,96
13,The Ivory Throne 4,96,2.99,3.99,14A,0,0,1,96
14,Paths Untrodden,98,2.99,3.99,14A,0,0,1,96
15,Moonlight Masquerade 4,99,2.99,3.99,14A,0,0,1,96
16,Beyond the Horizon 4,100,3.49,4.49,14A,0,0,0,96
17,Voices of the Deep 4,101,3.49,4.49,14A,0,0,0,96
18,Edge of the Abyss,104,3.49,4.49,14A,0,0,0,96
19,The Gilded Cage 4,104,3.49,4.49,14A,0,0,0,96
20,Bloodlines of Honor 4,110,3.49,4.49,14A,0,0,0,96
21,Silent Storm 4,112,3.49,4.49,14A,0,0,0,96
22,Emerald Shores 4,113,3.49,4.49,14A,0,0,0,96
23,The Hidden Crown,116,3.49,4.49,14A,0,0,0,96
24,Crimson Horizon,117,3.49,4.49,14A,0,0,0,96
25,Shadows of Eternity,119,3.49,4.49,14A,0,0,0,96
26,Seven Winters 4,119,3.49,4.49,14A,0,0,0,96
27,Last Light in Paris,123,3.99,4.99,14A,0,0,0,96
28,Seven Winters,124,3.99,4.99,14A,0,0,0,96
29,Mirrors and Smoke 4,126,3.99,4.99,14A,0,0,0,96
30,The Ivory Throne,129,3.99,4.99,14A,0,0,0,96
31,Echoes from the Deep,130,3.99,4.99,14A,0,0,0,96
32,The Burning Citadel 4,130,3.99,4.99,14A,0,0,0,96
33,The Lost Legion 4,134,3.99,4.99,14A,1,1,0,96
34,Mirrors and Smoke,134,3.99,4.99,14A,1,1,0,96
35,Chasing Midnight 4,136,3.99,4.99,14A,1,1,0,96
36,Chasing Midnight,139,3.99,4.99,14A,1,1,0,96
37,Ashes and Embers 4,141,4.49,5.49,14A,1,1,0,96
38,Fragments of Yesterday,143,4.49,5.49,14A,1,1,0,96
39,Echoes from the Deep 4,144,4.49,5.49,14A,1,1,0,96
40,Stars Above Avalon,149,4.49,5.49,14A,1,1,0,96
41,The Gilded Cage,149,4.49,5.49,14A,1,1,0,96
42,Emerald Shores,150,4.49,5.49,14A,1,1,0,96
43,Whispers in the Wind,150,4.49,5.49,14A,1,1,0,96
44,River of Secrets,151,4.49,5.49,14A,1,1,0,96
45,Moonlight Masquerade,152,4.49,5.49,14A,1,1,0,96
46,The Burning Citadel,152,4.49,5.49,14A,1,1,0,96
47,Beyond the Horizon,153,4.49,5.49,14A,1,1,0,96
48,Kingdom of Glass,154,4.49,5.49,14A,1,1,0,96
49,Wolves Among Us 4,155,4.49,5.49,14A,1,1,0,96
50,Voices of the Deep,156,4.49,5.49,14A,1,1,0,96
51,Bloodlines of Honor,157,4.49,5.49,14A,1,1,0,96
52,Paths Untrodden 4,159,4.49,5.49,14A,1,1,0,96
53,The Forgotten Kingdom 4,165,4.99,5.99,14A,1,1,0,96
54,River of Secrets 4,165,4.99,5.99,14A,1,1,0,96
55,The Hidden Crown 4,167,4.99,5.99,14A,1,1,0,96
56,Kingdom of Glass 4,168,4.99,5.99,14A,1,1,0,96
57,Ashes and Embers,169,4.99,5.99,14A,1,1,0,96
58,The Forgotten Kingdom,170,4.99,5.99,14A,1,1,0,96
59,Tides of Destiny,171,4.99,5.99,14A,1,1,0,96
60,The Scarlet Dagger,171,4.99,5.99,14A,1,1,0,96
61,The Silent Oath 4,176,4.99,5.99,14A,1,1,0,96
62,Fragments of Yesterday 4,176,4.99,5.99,14A,1,1,0,96
63,Silent Storm,178,4.99,5.99,14A,1,1,0,96
64,Crescent Moon Rising 4,180,4.99,5.99,14A,1,1,0,96
65,Rise of the Shadows,80,2.99,3.99,PG,0,0,1,859
66,The Cursed Throne,80,2.99,3.99,PG,0,0,1,859
67,Crimson Horizon,81,2.99,3.99,PG,0,0,1,859
68,Warden of the West,81,2.99,3.99,PG,0,0,1,859
69,Valley of Echoes,82,2.99,3.99,PG,0,0,1,859
70,Last Light in Paris,82,2.99,3.99,PG,0,0,1,859
71,Broken Crown,83,2.99,3.99,PG,0,0,1,859
72,The Sea King’s Daughter,83,2.99,3.99,PG,0,0,1,859
73,Beyond the Horizon,84,2.99,3.99,PG,0,0,1,859
74,The Hidden Temple,84,2.99,3.99,PG,0,0,1,859
75,The Scarlet Dagger,85,2.99,3.99,PG,0,0,1,859
76,The Wandering Moon,85,2.99,3.99,PG,0,0,1,859
77,The Serpent’s Bride,86,2.99,3.99,PG,0,0,1,859
78,The Burning Citadel,87,2.99,3.99,PG,0,0,1,859
79,The Night Watch,87,2.99,3.99,PG,0,0,1,859
80,The Bronze Throne,88,2.99,3.99,PG,0,0,1,859
81,The Fallen Star,88,2.99,3.99,PG,0,0,1,859
82,The Ash Crown,88,2.99,3.99,PG,0,0,1,859
83,Emerald Shores,89,2.99,3.99,PG,0,0,1,859
84,Seven Winters,89,2.99,3.99,PG,0,0,1,859
85,The Last Oracle,89,2.99,3.99,PG,0,0,1,859
86,The Wolf and the Rose,90,2.99,3.99,PG,0,0,1,859
87,The Blood Pact,90,2.99,3.99,PG,0,0,1,859
88,Shadows of Eternity,91,2.99,3.99,PG,0,0,1,859
89,The Hidden Crown,92,2.99,3.99,PG,0,0,1,859
90,The Darkened Sky,92,2.99,3.99,PG,0,0,1,859
91,Labyrinth of Lies,93,2.99,3.99,PG,0,0,1,859
92,The Glass Kingdom,93,2.99,3.99,PG,0,0,1,859
93,The Viper’s Fang,93,2.99,3.99,PG,0,0,1,859
94,Blood and Silk,93,2.99,3.99,PG,0,0,1,859
95,The Crimson Shore,94,2.99,3.99,PG,0,0,1,859
96,The Ghost Queen,94,2.99,3.99,PG,0,0,1,859
97,The Stone Prophet,94,2.99,3.99,PG,0,0,1,859
98,Throne of the Waves,94,2.99,3.99,PG,0,0,1,859
99,Voices of the Deep,95,2.99,3.99,PG,0,0,1,859
100,Tides of Destiny,96,2.99,3.99,PG,0,0,1,859
101,Rise of the Tide,97,2.99,3.99,PG,0,0,1,859
102,The Phoenix Crown,98,2.99,3.99,PG,0,0,1,859
103,Blades of Honor,98,2.99,3.99,PG,0,0,1,859
104,The Shadow Throne,98,2.99,3.99,PG,0,0,1,859
105,The Sunless Sea,99,2.99,3.99,PG,0,0,1,859
106,The Broken Blade,99,2.99,3.99,PG,0,0,1,859
107,Feast of Crows,100,3.49,4.49,PG,0,0,0,859
108,Crescent Moon Rising,101,3.49,4.49,PG,0,0,0,859
109,The Sapphire Key,102,3.49,4.49,PG,0,0,0,859
110,The Golden Harp,103,3.49,4.49,PG,0,0,0,859
111,Dance of Blades,103,3.49,4.49,PG,0,0,0,859
112,Twilight’s Edge,104,3.49,4.49,PG,0,0,0,859
113,Dagger in the Mist,105,3.49,4.49,PG,0,0,0,859
114,The Crystal Empire,105,3.49,4.49,PG,0,0,0,859
115,Crown of Thorns,106,3.49,4.49,PG,0,0,0,859
116,The Stone King,107,3.49,4.49,PG,0,0,0,859
117,The Black Citadel,107,3.49,4.49,PG,0,0,0,859
118,Descent into Flame,107,3.49,4.49,PG,0,0,0,859
119,The Shattered Crown,109,3.49,4.49,PG,0,0,0,859
120,Fragments of Yesterday,109,3.49,4.49,PG,0,0,0,859
121,The Forsaken Path,109,3.49,4.49,PG,0,0,0,859
122,The Frost Queen,110,3.49,4.49,PG,0,0,0,859
123,The Silent Oath,110,3.49,4.49,PG,0,0,0,859
124,The Scarlet Crown,110,3.49,4.49,PG,0,0,0,859
125,The Burning Sky,111,3.49,4.49,PG,0,0,0,859
126,Secrets of the Deep,113,3.49,4.49,PG,0,0,0,859
127,Nightfall Over Eden,114,3.49,4.49,PG,0,0,0,859
128,The Gilded Blade,114,3.49,4.49,PG,0,0,0,859
129,The Storm Prince,115,3.49,4.49,PG,0,0,0,859
130,The Obsidian Path,116,3.49,4.49,PG,0,0,0,859
131,Oathbreaker’s Song,117,3.49,4.49,PG,0,0,0,859
132,Sword of the North,117,3.49,4.49,PG,0,0,0,859
133,The Forgotten Oath,119,3.49,4.49,PG,0,0,0,859
134,Bloodlines of Honor,119,3.49,4.49,PG,0,0,0,859
135,The Silver Veil,119,3.49,4.49,PG,0,0,0,859
136,Cradle of Thorns,121,3.99,4.99,PG,0,0,0,859
137,Stars Above Avalon,122,3.99,4.99,PG,0,0,0,859
138,Steel Heart,122,3.99,4.99,PG,0,0,0,859
139,The Moonlit Crown,123,3.99,4.99,PG,0,0,0,859
140,The Steel Throne,123,3.99,4.99,PG,0,0,0,859
141,Rise of the Phoenix,123,3.99,4.99,PG,0,0,0,859
142,The Ashen Crown,123,3.99,4.99,PG,0,0,0,859
143,The Golden Throne,123,3.99,4.99,PG,0,0,0,859
144,Silent Storm,125,3.99,4.99,PG,0,0,0,859
145,The Ruby Crown,125,3.99,4.99,PG,0,0,0,859
146,The Onyx Crown,127,3.99,4.99,PG,0,0,0,859
147,The Ivory Tower,128,3.99,4.99,PG,0,0,0,859
148,River of Secrets,129,3.99,4.99,PG,0,0,0,859
149,Crown of Ash,129,3.99,4.99,PG,0,0,0,859
150,The White Wolf,130,3.99,4.99,PG,1,1,0,859
151,The Burning Throne,130,3.99,4.99,PG,1,1,0,859
152,The Black Sun,132,3.99,4.99,PG,1,1,0,859
153,The Gilded Cage,133,3.99,4.99,PG,1,1,0,859
154,Chains of Fate,133,3.99,4.99,PG,1,1,0,859
155,Garden of Bones,133,3.99,4.99,PG,1,1,0,859
156,Path of the Hunter,133,3.99,4.99,PG,1,1,0,859
157,Chasing Midnight,133,3.99,4.99,PG,1,1,0,859
158,The Hollow Crown,133,3.99,4.99,PG,1,1,0,859
159,The Crimson Pact,137,3.99,4.99,PG,1,1,0,859
160,Kingdom of Glass,138,3.99,4.99,PG,1,1,0,859
161,Winter’s Requiem,138,3.99,4.99,PG,1,1,0,859
162,The Sea Witch,139,3.99,4.99,PG,1,1,0,859
163,The Glass Spire,139,3.99,4.99,PG,1,1,0,859
164,The Silver Sword,140,3.99,4.99,PG,1,1,0,859
165,Echoes from the Deep,141,4.49,5.49,PG,1,1,0,859
166,The Emerald Crown,142,4.49,5.49,PG,1,1,0,859
167,The Stormkeeper,143,4.49,5.49,PG,1,1,0,859
168,Shards of the Sun,144,4.49,5.49,PG,1,1,0,859
169,Storm over Avalon,146,4.49,5.49,PG,1,1,0,859
170,The Dragon’s Oath,148,4.49,5.49,PG,1,1,0,859
171,Moonlight Masquerade,148,4.49,5.49,PG,1,1,0,859
172,The Hidden Forge,149,4.49,5.49,PG,1,1,0,859
173,Silver Tears,150,4.49,5.49,PG,1,1,0,859
174,Hollow Throne,151,4.49,5.49,PG,1,1,0,859
175,The Lost Legion,152,4.49,5.49,PG,1,1,0,859
176,The Silver Crown,154,4.49,5.49,PG,1,1,0,859
177,The Desert King,156,4.49,5.49,PG,1,1,0,859
178,Whispers in the Wind,156,4.49,5.49,PG,1,1,0,859
179,Wings of Fire,157,4.49,5.49,PG,1,1,0,859
180,Paths Untrodden,160,4.49,5.49,PG,1,1,0,859
181,The King’s Blade,160,4.49,5.49,PG,1,1,0,859
182,The Black Crown,161,4.99,5.99,PG,1,1,0,859
183,The Lost Citadel,163,4.99,5.99,PG,1,1,0,859
184,The Ivory Pact,163,4.99,5.99,PG,1,1,0,859
185,Veil of Shadows,164,4.99,5.99,PG,1,1,0,859
186,Storms of Vengeance,165,4.99,5.99,PG,1,1,0,859
187,The Iron Crown,167,4.99,5.99,PG,1,1,0,859
188,The Winter Throne,167,4.99,5.99,PG,1,1,0,859
189,The Endless Night,167,4.99,5.99,PG,1,1,0,859
190,Ashes and Embers,167,4.99,5.99,PG,1,1,0,859
191,Mirrors and Smoke,169,4.99,5.99,PG,1,1,0,859
192,Beneath the Ashes,169,4.99,5.99,PG,1,1,0,859
193,Edge of the Abyss,169,4.99,5.99,PG,1,1,0,859
194,The Silent River,171,4.99,5.99,PG,1,1,0,859
195,The Shadow Gate,172,4.99,5.99,PG,1,1,0,859
196,The Sapphire Throne,173,4.99,5.99,PG,1,1,0,859
197,The Iron Spire,173,4.99,5.99,PG,1,1,0,859
198,Song of the Serpent,174,4.99,5.99,PG,1,1,0,859
199,The Ivory Throne,175,4.99,5.99,PG,1,1,0,859
200,Wolves Among Us,177,4.99,5.99,PG,1,1,0,859
201,Lords of the Realm,177,4.99,5.99,PG,1,1,0,859
202,The Forgotten Kingdom,178,4.99,5.99,PG,1,1,0,859
203,Heart of the Void,178,4.99,5.99,PG,1,1,0,859
204,The Sea of Shadows,180,4.99,5.99,PG,1,1,0,859
205,Broken Empire,80,2.99,3.99,G,0,0,1,198
206,Warden of Fire 2,81,2.99,3.99,G,0,0,1,198
207,Crown of Sand 2,82,2.99,3.99,G,0,0,1,198
208,Phoenix Crown 2,82,2.99,3.99,G,0,0,1,198
209,Emerald Throne,82,2.99,3.99,G,0,0,1,198
210,The Last Frontier 2,82,2.99,3.99,G,0,0,1,198
211,Sea Witch 2,83,2.99,3.99,G,0,0,1,198
212,River’s Whisper 2,83,2.99,3.99,G,0,0,1,198
213,Labyrinth’s End 2,83,2.99,3.99,G,0,0,1,198
214,Secrets Within 2,83,2.99,3.99,G,0,0,1,198
215,Steel Vow,83,2.99,3.99,G,0,0,1,198
216,Bloodborn,83,2.99,3.99,G,0,0,1,198
217,Phoenix Reborn 2,83,2.99,3.99,G,0,0,1,198
218,White Raven,84,2.99,3.99,G,0,0,1,198
219,Hidden Temple,84,2.99,3.99,G,0,0,1,198
220,Chasing the Horizon 2,84,2.99,3.99,G,0,0,1,198
221,Moonlit Betrayal,84,2.99,3.99,G,0,0,1,198
222,Silver Crown,84,2.99,3.99,G,0,0,1,198
223,Serpent’s Bride,85,2.99,3.99,G,0,0,1,198
224,Scarlet Crown,85,2.99,3.99,G,0,0,1,198
225,Forgotten Shores,85,2.99,3.99,G,0,0,1,198
226,Crimson Empire,85,2.99,3.99,G,0,0,1,198
227,Bronze Crown 2,86,2.99,3.99,G,0,0,1,198
228,Rise of Tides 2,86,2.99,3.99,G,0,0,1,198
229,Shadow Gate 2,86,2.99,3.99,G,0,0,1,198
230,Bronze Crown,88,2.99,3.99,G,0,0,1,198
231,Crescent Storm,88,2.99,3.99,G,0,0,1,198
232,Shadowspire 2,88,2.99,3.99,G,0,0,1,198
233,Crimson Wings 2,89,2.99,3.99,G,0,0,1,198
234,Thorn’s Path 2,89,2.99,3.99,G,0,0,1,198
235,Emerald Tide,89,2.99,3.99,G,0,0,1,198
236,Bloodsteel,89,2.99,3.99,G,0,0,1,198
237,Silent Vows 2,89,2.99,3.99,G,0,0,1,198
238,Shattered Sun,90,2.99,3.99,G,0,0,1,198
239,Emerald Storm,90,2.99,3.99,G,0,0,1,198
240,Blade of Shadows,90,2.99,3.99,G,0,0,1,198
241,Steel Throne,90,2.99,3.99,G,0,0,1,198
242,Shadow Throne 2,90,2.99,3.99,G,0,0,1,198
243,Moonfire 2,91,2.99,3.99,G,0,0,1,198
244,Sword of Ember 2,91,2.99,3.99,G,0,0,1,198
245,Phoenix Rising 2,91,2.99,3.99,G,0,0,1,198
246,Oracle’s End,91,2.99,3.99,G,0,0,1,198
247,Burning Sky,91,2.99,3.99,G,0,0,1,198
248,Winter’s End,92,2.99,3.99,G,0,0,1,198
249,Fragments of Eden,92,2.99,3.99,G,0,0,1,198
250,Forsaken Blade 2,92,2.99,3.99,G,0,0,1,198
251,Crown of Winter 2,93,2.99,3.99,G,0,0,1,198
252,Twilight Kingdom 2,93,2.99,3.99,G,0,0,1,198
253,Dance of Shadows 2,93,2.99,3.99,G,0,0,1,198
254,Darkened Tides 2,93,2.99,3.99,G,0,0,1,198
255,Storm of Blades,93,2.99,3.99,G,0,0,1,198
256,Crimson Shore,93,2.99,3.99,G,0,0,1,198
257,Crown of Sand,93,2.99,3.99,G,0,0,1,198
258,Scarlet Crown 2,94,2.99,3.99,G,0,0,1,198
259,Golden Horizon,94,2.99,3.99,G,0,0,1,198
260,Whispers of the Dawn 2,94,2.99,3.99,G,0,0,1,198
261,Ghost Queen,94,2.99,3.99,G,0,0,1,198
262,Shadow Throne,94,2.99,3.99,G,0,0,1,198
263,Night Watch 2,95,2.99,3.99,G,0,0,1,198
264,Lords of Fire,96,2.99,3.99,G,0,0,1,198
265,Black Fortress,96,2.99,3.99,G,0,0,1,198
266,Chains of Destiny 2,96,2.99,3.99,G,0,0,1,198
267,Stormveil,97,2.99,3.99,G,0,0,1,198
268,Beneath the Sea 2,98,2.99,3.99,G,0,0,1,198
269,Blood and Honor,98,2.99,3.99,G,0,0,1,198
270,Blood Pact 2,99,2.99,3.99,G,0,0,1,198
271,Seven Blades,99,2.99,3.99,G,0,0,1,198
272,Hollow Empire,100,2.99,3.99,G,0,0,1,198
273,Nightfall Rising 2,100,2.99,3.99,G,0,0,1,198
274,Hollow Throne,100,3.49,4.49,G,0,0,0,198
275,Golden Throne 2,100,3.49,4.49,G,0,0,0,198
276,Storm Prince,101,3.49,4.49,G,0,0,0,198
277,White Raven 2,101,3.49,4.49,G,0,0,0,198
278,Endless Night 2,101,3.49,4.49,G,0,0,0,198
279,Black Ember,101,3.49,4.49,G,0,0,0,198
280,Dagger’s Edge 2,101,3.49,4.49,G,0,0,0,198
281,Kingdom of Ashes,102,3.49,4.49,G,0,0,0,198
282,Throne of Ash 2,102,3.49,4.49,G,0,0,0,198
283,Tempest’s Call 2,102,3.49,4.49,G,0,0,0,198
284,River’s Whisper,102,3.49,4.49,G,0,0,0,198
285,Song of Blades 2,102,3.49,4.49,G,0,0,0,198
286,Wings of Ash 2,102,3.49,4.49,G,0,0,0,198
287,Thorned Crown 2,103,3.49,4.49,G,0,0,0,198
288,Shadow’s Rise,103,3.49,4.49,G,0,0,0,198
289,Flame of the North,103,3.49,4.49,G,0,0,0,198
290,Edge of Silence,103,3.49,4.49,G,0,0,0,198
291,Shadow Gate,104,3.49,4.49,G,0,0,0,198
292,Ivory Pact,104,3.49,4.49,G,0,0,0,198
293,The Iron Vow 2,105,3.49,4.49,G,0,0,0,198
294,Stormborn,105,3.49,4.49,G,0,0,0,198
295,Shadows over Eldoria 2,106,3.49,4.49,G,0,0,0,198
296,Desert King 2,107,3.49,4.49,G,0,0,0,198
297,The Gilded War,107,3.49,4.49,G,0,0,0,198
298,Sapphire Horizon,107,3.49,4.49,G,0,0,0,198
299,Stone King 2,107,3.49,4.49,G,0,0,0,198
300,Crescent Storm 2,107,3.49,4.49,G,0,0,0,198
301,Frost Queen 2,108,3.49,4.49,G,0,0,0,198
302,Kingdom of Ashes 2,108,3.49,4.49,G,0,0,0,198
303,Darkwater 2,108,3.49,4.49,G,0,0,0,198
304,Kingdom of Ice 2,108,3.49,4.49,G,0,0,0,198
305,Rise of the Serpent 2,109,3.49,4.49,G,0,0,0,198
306,Ironveil 2,109,3.49,4.49,G,0,0,0,198
307,Veil of Night 2,109,3.49,4.49,G,0,0,0,198
308,Iron Crown 2,109,3.49,4.49,G,0,0,0,198
309,Void’s Heart,109,3.49,4.49,G,0,0,0,198
310,Silver Crown 2,109,3.49,4.49,G,0,0,0,198
311,Last Train to Avalon 2,110,3.49,4.49,G,0,0,0,198
312,Beyond the Red Sun 2,110,3.49,4.49,G,0,0,0,198
313,Song of Blades,111,3.49,4.49,G,0,0,0,198
314,Wings of Ash,111,3.49,4.49,G,0,0,0,198
315,Ashfall 2,112,3.49,4.49,G,0,0,0,198
316,Steel Vow 2,112,3.49,4.49,G,0,0,0,198
317,Stormborn 2,112,3.49,4.49,G,0,0,0,198
318,Stars of Orion 2,112,3.49,4.49,G,0,0,0,198
319,Shadowsong,112,3.49,4.49,G,0,0,0,198
320,Crystal Kingdom 2,113,3.49,4.49,G,0,0,0,198
321,Hunter’s Path 2,113,3.49,4.49,G,0,0,0,198
322,Hunter’s Path,113,3.49,4.49,G,0,0,0,198
323,Ashfall,113,3.49,4.49,G,0,0,0,198
324,Flame of the North 2,113,3.49,4.49,G,0,0,0,198
325,The Gilded War 2,114,3.49,4.49,G,0,0,0,198
326,Dark Sky 2,115,3.49,4.49,G,0,0,0,198
327,Silver Sword,115,3.49,4.49,G,0,0,0,198
328,Tides of Valor 2,115,3.49,4.49,G,0,0,0,198
329,Sea of Kings 2,116,3.49,4.49,G,0,0,0,198
330,Oathkeeper,116,3.49,4.49,G,0,0,0,198
331,Chasing the Horizon,116,3.49,4.49,G,0,0,0,198
332,Burning Throne,116,3.49,4.49,G,0,0,0,198
333,Endless Night,116,3.49,4.49,G,0,0,0,198
334,Legends of the Deep 2,116,3.49,4.49,G,0,0,0,198
335,Crimson Pact,117,3.49,4.49,G,0,0,0,198
336,Hollow Throne 2,117,3.49,4.49,G,0,0,0,198
337,Hidden Throne 2,117,3.49,4.49,G,0,0,0,198
338,Dark Sky,117,3.49,4.49,G,0,0,0,198
339,Rise of the North,117,3.49,4.49,G,0,0,0,198
340,Crimson Pact 2,117,3.49,4.49,G,0,0,0,198
341,Paths of Shadows 2,118,3.49,4.49,G,0,0,0,198
342,Bloodfire 2,118,3.49,4.49,G,0,0,0,198
343,Ivory Tower 2,119,3.49,4.49,G,0,0,0,198
344,Lost Throne 2,119,3.49,4.49,G,0,0,0,198
345,Wolf and Rose 2,119,3.49,4.49,G,0,0,0,198
346,Blood and Honor 2,120,3.49,4.49,G,0,0,0,198
347,Sea of Ash,120,3.49,4.49,G,0,0,0,198
348,Night Watch,120,3.49,4.49,G,0,0,0,198
349,Frostbound 2,120,3.49,4.49,G,0,0,0,198
350,Black Sun Rising 2,120,3.49,4.49,G,0,0,0,198
351,Crimson Empire 2,121,3.99,4.99,G,0,0,0,198
352,Sea of Ash 2,121,3.99,4.99,G,0,0,0,198
353,Ashes of the Past,121,3.99,4.99,G,0,0,0,198
354,Emerald Throne 2,121,3.99,4.99,G,0,0,0,198
355,Glass Crown 2,122,3.99,4.99,G,0,0,0,198
356,Broken Blade 2,122,3.99,4.99,G,0,0,0,198
357,Burning Tides,122,3.99,4.99,G,0,0,0,198
358,Moonveil,123,3.99,4.99,G,0,0,0,198
359,Forgotten Oath,123,3.99,4.99,G,0,0,0,198
360,Ashen Crown,123,3.99,4.99,G,0,0,0,198
361,Sea King’s War,123,3.99,4.99,G,0,0,0,198
362,Phoenix Reborn,124,3.99,4.99,G,0,0,0,198
363,Ivory Tower,124,3.99,4.99,G,0,0,0,198
364,Forgotten Oath 2,124,3.99,4.99,G,0,0,0,198
365,Shattered Sun 2,125,3.99,4.99,G,0,0,0,198
366,Shattered Realms,125,3.99,4.99,G,0,0,0,198
367,Moonlit Crown,125,3.99,4.99,G,0,0,0,198
368,Ebon Crown 2,125,3.99,4.99,G,0,0,0,198
369,Beyond the Red Sun,125,3.99,4.99,G,0,0,0,198
370,Valley of Kings,125,3.99,4.99,G,0,0,0,198
371,Cursed Kingdom,125,3.99,4.99,G,0,0,0,198
372,Oracle’s End 2,126,3.99,4.99,G,0,0,0,198
373,Thornvale,126,3.99,4.99,G,0,0,0,198
374,Ebon Crown,126,3.99,4.99,G,0,0,0,198
375,Gilded Lies 2,127,3.99,4.99,G,0,0,0,198
376,Onyx Throne,127,3.99,4.99,G,0,0,0,198
377,Sea King’s War 2,127,3.99,4.99,G,0,0,0,198
378,Stormkeeper’s Watch 2,127,3.99,4.99,G,0,0,0,198
379,Golden Throne,127,3.99,4.99,G,0,0,0,198
380,Stormveil 2,128,3.99,4.99,G,0,0,0,198
381,Silent Accord,128,3.99,4.99,G,0,0,0,198
382,Serpent’s Bride 2,128,3.99,4.99,G,0,0,0,198
383,Obsidian Star 2,129,3.99,4.99,G,0,0,0,198
384,Shadowfall 2,129,3.99,4.99,G,0,0,0,198
385,Lion’s Reign,129,3.99,4.99,G,0,0,0,198
386,Eclipse War 2,129,3.99,4.99,G,0,0,0,198
387,Crimson Shore 2,129,3.99,4.99,G,0,0,0,198
388,Storms of Fate,130,3.99,4.99,G,0,0,0,198
389,Dagger’s Edge,130,3.99,4.99,G,1,1,0,198
390,Thorn’s Path,130,3.99,4.99,G,1,1,0,198
391,Storm of Blades 2,131,3.99,4.99,G,1,1,0,198
392,Wolf’s Oath,131,3.99,4.99,G,1,1,0,198
393,Voices in the Abyss 2,131,3.99,4.99,G,1,1,0,198
394,Hollow Empire 2,132,3.99,4.99,G,1,1,0,198
395,Thornvale 2,132,3.99,4.99,G,1,1,0,198
396,Lost Dynasty 2,132,3.99,4.99,G,1,1,0,198
397,Mirror’s Edge,132,3.99,4.99,G,1,1,0,198
398,The Hidden Empire,132,3.99,4.99,G,1,1,0,198
399,Phoenix Rising,132,3.99,4.99,G,1,1,0,198
400,Starveil,133,3.99,4.99,G,1,1,0,198
401,Viper’s Kiss 2,134,3.99,4.99,G,1,1,0,198
402,Crimson Wings,135,3.99,4.99,G,1,1,0,198
403,Cursed Kingdom 2,135,3.99,4.99,G,1,1,0,198
404,Forgotten Shores 2,135,3.99,4.99,G,1,1,0,198
405,Lords of Fire 2,135,3.99,4.99,G,1,1,0,198
406,Sapphire Horizon 2,135,3.99,4.99,G,1,1,0,198
407,Black Sun Rising,135,3.99,4.99,G,1,1,0,198
408,Gilded Throne,135,3.99,4.99,G,1,1,0,198
409,Ivory Pact 2,136,3.99,4.99,G,1,1,0,198
410,Obsidian Star,136,3.99,4.99,G,1,1,0,198
411,The Silent Accord 2,136,3.99,4.99,G,1,1,0,198
412,Labyrinth’s End,136,3.99,4.99,G,1,1,0,198
413,Hidden Throne,136,3.99,4.99,G,1,1,0,198
414,Shattered Realms 2,136,3.99,4.99,G,1,1,0,198
415,Fire and Frost,137,3.99,4.99,G,1,1,0,198
416,Lion’s Reign 2,137,3.99,4.99,G,1,1,0,198
417,Stormkeeper’s Watch,137,3.99,4.99,G,1,1,0,198
418,Shadow’s Rise 2,137,3.99,4.99,G,1,1,0,198
419,Path of the Wolf 2,137,3.99,4.99,G,1,1,0,198
420,Darkwater,137,3.99,4.99,G,1,1,0,198
421,Sunless Sea,137,3.99,4.99,G,1,1,0,198
422,Stone Prophet,137,3.99,4.99,G,1,1,0,198
423,Rise of the Serpent,137,3.99,4.99,G,1,1,0,198
424,The Hidden Empire 2,137,3.99,4.99,G,1,1,0,198
425,Rise of the North 2,138,3.99,4.99,G,1,1,0,198
426,Kingdom of Ice,138,3.99,4.99,G,1,1,0,198
427,Stars of Orion,138,3.99,4.99,G,1,1,0,198
428,Bloodsteel 2,138,3.99,4.99,G,1,1,0,198
429,Legends of the Deep,139,3.99,4.99,G,1,1,0,198
430,Silent Horizon 2,139,3.99,4.99,G,1,1,0,198
431,Ruby Crown 2,139,3.99,4.99,G,1,1,0,198
432,Thorned Crown,139,3.99,4.99,G,1,1,0,198
433,Shadowspire,139,3.99,4.99,G,1,1,0,198
434,Hunt for the Horizon,140,3.99,4.99,G,1,1,0,198
435,Eclipse War,140,3.99,4.99,G,1,1,0,198
436,Crimsonveil 2,141,4.49,5.49,G,1,1,0,198
437,Black Crown 2,141,4.49,5.49,G,1,1,0,198
438,Feast of Blades,141,4.49,5.49,G,1,1,0,198
439,Descent of Night 2,141,4.49,5.49,G,1,1,0,198
440,Burning Citadel,142,4.49,5.49,G,1,1,0,198
441,Wolf’s Oath 2,142,4.49,5.49,G,1,1,0,198
442,Bloodborn 2,142,4.49,5.49,G,1,1,0,198
443,Chains of Destiny,142,4.49,5.49,G,1,1,0,198
444,Nightfall Rising,142,4.49,5.49,G,1,1,0,198
445,Seven Blades 2,142,4.49,5.49,G,1,1,0,198
446,Feast of Blades 2,142,4.49,5.49,G,1,1,0,198
447,Black Fortress 2,143,4.49,5.49,G,1,1,0,198
448,Wandering Star,143,4.49,5.49,G,1,1,0,198
449,Storm Prince 2,144,4.49,5.49,G,1,1,0,198
450,Viper’s Kiss,144,4.49,5.49,G,1,1,0,198
451,Iron Crown,145,4.49,5.49,G,1,1,0,198
452,Steel Throne 2,145,4.49,5.49,G,1,1,0,198
453,The Last Frontier,145,4.49,5.49,G,1,1,0,198
454,Shadows over Eldoria,146,4.49,5.49,G,1,1,0,198
455,Fallen Crown,146,4.49,5.49,G,1,1,0,198
456,Silver Sword 2,146,4.49,5.49,G,1,1,0,198
457,Crownless King 2,146,4.49,5.49,G,1,1,0,198
458,King’s Blade 2,146,4.49,5.49,G,1,1,0,198
459,Fallen Crown 2,146,4.49,5.49,G,1,1,0,198
460,Black Crown,147,4.49,5.49,G,1,1,0,198
461,Burning Tides 2,147,4.49,5.49,G,1,1,0,198
462,Silverfang,147,4.49,5.49,G,1,1,0,198
463,Ruby Crown,148,4.49,5.49,G,1,1,0,198
464,Hidden Temple 2,148,4.49,5.49,G,1,1,0,198
465,Emerald Storm 2,148,4.49,5.49,G,1,1,0,198
466,Burning Sky 2,148,4.49,5.49,G,1,1,0,198
467,Garden of Steel,148,4.49,5.49,G,1,1,0,198
468,Moonlit Betrayal 2,149,4.49,5.49,G,1,1,0,198
469,Darkened Tides,149,4.49,5.49,G,1,1,0,198
470,Black Ember 2,150,4.49,5.49,G,1,1,0,198
471,Last Train to Avalon,150,4.49,5.49,G,1,1,0,198
472,Fragments of Eden 2,151,4.49,5.49,G,1,1,0,198
473,Throne of Ash,152,4.49,5.49,G,1,1,0,198
474,Shadowfall,152,4.49,5.49,G,1,1,0,198
475,Silent Accord 2,152,4.49,5.49,G,1,1,0,198
476,Dragon’s Oath 2,153,4.49,5.49,G,1,1,0,198
477,Echoes of Time 2,153,4.49,5.49,G,1,1,0,198
478,Crimsonveil,153,4.49,5.49,G,1,1,0,198
479,Shattered Crown 2,153,4.49,5.49,G,1,1,0,198
480,Fire and Frost 2,154,4.49,5.49,G,1,1,0,198
481,Silver Dusk,154,4.49,5.49,G,1,1,0,198
482,Wandering Star 2,154,4.49,5.49,G,1,1,0,198
483,Silent Sea 2,154,4.49,5.49,G,1,1,0,198
484,Garden of Steel 2,154,4.49,5.49,G,1,1,0,198
485,Hunt for the Horizon 2,154,4.49,5.49,G,1,1,0,198
486,Bladesong 2,155,4.49,5.49,G,1,1,0,198
487,Gilded Throne 2,156,4.49,5.49,G,1,1,0,198
488,Golden Hunt,156,4.49,5.49,G,1,1,0,198
489,Winter Throne,156,4.49,5.49,G,1,1,0,198
490,Ivory Spire 2,156,4.49,5.49,G,1,1,0,198
491,Glass Crown,156,4.49,5.49,G,1,1,0,198
492,Crownless King,157,4.49,5.49,G,1,1,0,198
493,Shattered Crown,157,4.49,5.49,G,1,1,0,198
494,Silverfang 2,157,4.49,5.49,G,1,1,0,198
495,Burning Throne 2,158,4.49,5.49,G,1,1,0,198
496,Silver Crown 2,158,4.49,5.49,G,1,1,0,198
497,King’s Blade,159,4.49,5.49,G,1,1,0,198
498,Onyx Throne 2,159,4.49,5.49,G,1,1,0,198
499,Scarlet Horizon,160,4.49,5.49,G,1,1,0,198
500,Twilight’s Fall,160,4.49,5.49,G,1,1,0,198
501,Descent of Night,160,4.49,5.49,G,1,1,0,198
502,Frost Queen,160,4.99,5.99,G,1,1,0,198
503,Sea of Kings,160,4.99,5.99,G,1,1,0,198
504,Phoenix Crown,160,4.99,5.99,G,1,1,0,198
505,Echoes of Time,161,4.99,5.99,G,1,1,0,198
506,Sapphire Crown,162,4.99,5.99,G,1,1,0,198
507,The Iron Vow,162,4.99,5.99,G,1,1,0,198
508,Moonveil 2,163,4.99,5.99,G,1,1,0,198
509,Silent Sea,163,4.99,5.99,G,1,1,0,198
510,Iron Tower 2,163,4.99,5.99,G,1,1,0,198
511,Scarlet Horizon 2,163,4.99,5.99,G,1,1,0,198
512,Moonfire,163,4.99,5.99,G,1,1,0,198
513,Winter Throne 2,164,4.99,5.99,G,1,1,0,198
514,Ironveil,164,4.99,5.99,G,1,1,0,198
515,Dragonfall,164,4.99,5.99,G,1,1,0,198
516,Burning Citadel 2,164,4.99,5.99,G,1,1,0,198
517,Ghost Queen 2,164,4.99,5.99,G,1,1,0,198
518,Secrets Within,164,4.99,5.99,G,1,1,0,198
519,Valley of Kings 2,164,4.99,5.99,G,1,1,0,198
520,Ash Crown 2,164,4.99,5.99,G,1,1,0,198
521,Silent Vows,164,4.99,5.99,G,1,1,0,198
522,Golden Horizon 2,164,4.99,5.99,G,1,1,0,198
523,Dawn’s Reckoning 2,165,4.99,5.99,G,1,1,0,198
524,Crown of Winter,165,4.99,5.99,G,1,1,0,198
525,Broken Empire 2,166,4.99,5.99,G,1,1,0,198
526,Rise of Tides,166,4.99,5.99,G,1,1,0,198
527,Sea Witch,166,4.99,5.99,G,1,1,0,198
528,Bloodfire,167,4.99,5.99,G,1,1,0,198
529,Sword of Ember,167,4.99,5.99,G,1,1,0,198
530,Shadowsong 2,167,4.99,5.99,G,1,1,0,198
531,Blood Pact,167,4.99,5.99,G,1,1,0,198
532,Whispers of the Dawn,167,4.99,5.99,G,1,1,0,198
533,Wolf and Rose,168,4.99,5.99,G,1,1,0,198
534,Paths of Shadows,168,4.99,5.99,G,1,1,0,198
535,Avalon’s Shadow,168,4.99,5.99,G,1,1,0,198
536,Glass Kingdom 2,168,4.99,5.99,G,1,1,0,198
537,Mirror’s Edge 2,168,4.99,5.99,G,1,1,0,198
538,Gilded Lies,169,4.99,5.99,G,1,1,0,198
539,Stone King,169,4.99,5.99,G,1,1,0,198
540,Lost Dynasty,169,4.99,5.99,G,1,1,0,198
541,Silver Crown,170,4.99,5.99,G,1,1,0,198
542,Ashen Crown 2,170,4.99,5.99,G,1,1,0,198
543,Silver Dusk 2,170,4.99,5.99,G,1,1,0,198
544,Beneath the Sea,170,4.99,5.99,G,1,1,0,198
545,Path of the Wolf,170,4.99,5.99,G,1,1,0,198
546,Ivory Spire,171,4.99,5.99,G,1,1,0,198
547,Tides of War 2,171,4.99,5.99,G,1,1,0,198
548,Desert King,171,4.99,5.99,G,1,1,0,198
549,Ash Crown,172,4.99,5.99,G,1,1,0,198
550,Tides of Valor,172,4.99,5.99,G,1,1,0,198
551,Dance of Shadows,172,4.99,5.99,G,1,1,0,198
552,Moonlit Crown 2,172,4.99,5.99,G,1,1,0,198
553,Sunless Sea 2,172,4.99,5.99,G,1,1,0,198
554,Oath of the Blade 2,173,4.99,5.99,G,1,1,0,198
555,Twilight Kingdom,173,4.99,5.99,G,1,1,0,198
556,Forsaken Blade,173,4.99,5.99,G,1,1,0,198
557,Voices in the Abyss,173,4.99,5.99,G,1,1,0,198
558,Sapphire Crown 2,173,4.99,5.99,G,1,1,0,198
559,Broken Blade,174,4.99,5.99,G,1,1,0,198
560,Bladesong,174,4.99,5.99,G,1,1,0,198
561,Silent Horizon,174,4.99,5.99,G,1,1,0,198
562,Edge of Silence 2,175,4.99,5.99,G,1,1,0,198
563,Iron Tower,175,4.99,5.99,G,1,1,0,198
564,Warden of Fire,175,4.99,5.99,G,1,1,0,198
565,Storms of Fate 2,175,4.99,5.99,G,1,1,0,198
566,Tides of War,175,4.99,5.99,G,1,1,0,198
567,Glass Kingdom,176,4.99,5.99,G,1,1,0,198
568,Frostbound,176,4.99,5.99,G,1,1,0,198
569,Golden Hunt 2,176,4.99,5.99,G,1,1,0,198
570,Oathkeeper 2,176,4.99,5.99,G,1,1,0,198
571,The Silent Accord,176,4.99,5.99,G,1,1,0,198
572,Dragon’s Oath,176,4.99,5.99,G,1,1,0,198
573,Crystal Kingdom,177,4.99,5.99,G,1,1,0,198
574,Avalon’s Shadow 2,178,4.99,5.99,G,1,1,0,198
575,Dawn’s Reckoning,178,4.99,5.99,G,1,1,0,198
576,Starveil 2,178,4.99,5.99,G,1,1,0,198
577,Winter’s End 2,178,4.99,5.99,G,1,1,0,198
578,Dragonfall 2,178,4.99,5.99,G,1,1,0,198
579,Oath of the Blade,178,4.99,5.99,G,1,1,0,198
580,Emerald Tide 2,179,4.99,5.99,G,1,1,0,198
581,Stone Prophet 2,179,4.99,5.99,G,1,1,0,198
582,Blade of Shadows 2,179,4.99,5.99,G,1,1,0,198
583,Ashes of the Past 2,179,4.99,5.99,G,1,1,0,198
584,Void’s Heart 2,179,4.99,5.99,G,1,1,0,198
585,Twilight’s Fall 2,179,4.99,5.99,G,1,1,0,198
586,Tempest’s Call,180,4.99,5.99,G,1,1,0,198
587,Lost Throne,180,4.99,5.99,G,1,1,0,198
588,Veil of Night,180,4.99,5.99,G,1,1,0,198
589,Vows of Ash,80,2.99,3.99,14A,0,0,1,906
590,Silverstorm,80,2.99,3.99,14A,0,0,1,906
591,Shadow of the Empire,81,2.99,3.99,14A,0,0,1,906
592,The Jade Empire,82,2.99,3.99,14A,0,0,1,906
593,The Ashen War,84,2.99,3.99,14A,0,0,1,906
594,Frostspire,85,2.99,3.99,14A,0,0,1,906
595,The Obsidian Path,86,2.99,3.99,14A,0,0,1,906
596,Moonveil,86,2.99,3.99,14A,0,0,1,906
597,The Crimson Throne’s War,86,2.99,3.99,14A,0,0,1,906
598,The Iron Kingdom,87,2.99,3.99,14A,0,0,1,906
599,Blood Crown,87,2.99,3.99,14A,0,0,1,906
600,Wings of the Storm,87,2.99,3.99,14A,0,0,1,906
601,Hollow Vows,88,2.99,3.99,14A,0,0,1,906
602,Legends of the Wild,91,2.99,3.99,14A,0,0,1,906
603,The Sapphire Wars,93,2.99,3.99,14A,0,0,1,906
604,Shadow Reign,93,2.99,3.99,14A,0,0,1,906
605,Ebon Empire,93,2.99,3.99,14A,0,0,1,906
606,The Golden Oath,93,2.99,3.99,14A,0,0,1,906
607,Tears of the Sun,94,2.99,3.99,14A,0,0,1,906
608,The Crimson King,94,2.99,3.99,14A,0,0,1,906
609,Crownless,94,2.99,3.99,14A,0,0,1,906
610,Throne of Shadows,94,2.99,3.99,14A,0,0,1,906
611,The Frost Throne,94,2.99,3.99,14A,0,0,1,906
612,The Gilded Throne,96,2.99,3.99,14A,0,0,1,906
613,The Hollow Storm,96,2.99,3.99,14A,0,0,1,906
614,The Blood Oath,97,2.99,3.99,14A,0,0,1,906
615,Frost and Flame,97,2.99,3.99,14A,0,0,1,906
616,The Crimson Fortress,97,2.99,3.99,14A,0,0,1,906
617,The Frostborn,97,2.99,3.99,14A,0,0,1,906
618,Winds of the North,98,2.99,3.99,14A,0,0,1,906
619,The Desert Throne,98,2.99,3.99,14A,0,0,1,906
620,The Hollow War,99,2.99,3.99,14A,0,0,1,906
621,Wolfspire,99,2.99,3.99,14A,0,0,1,906
622,Throne of the Forgotten,100,3.49,4.49,14A,0,0,0,906
623,Sea of Whispers,101,3.49,4.49,14A,0,0,0,906
624,Oath of Silence,102,3.49,4.49,14A,0,0,0,906
625,The Last Bladesman,102,3.49,4.49,14A,0,0,0,906
626,Crimson Tides,102,3.49,4.49,14A,0,0,0,906
627,Blades of the Fallen,102,3.49,4.49,14A,0,0,0,906
628,Oath of the King,102,3.49,4.49,14A,0,0,0,906
629,Ashen Dawn,103,3.49,4.49,14A,0,0,0,906
630,The Ashen Crown,103,3.49,4.49,14A,0,0,0,906
631,Shadowspire,104,3.49,4.49,14A,0,0,0,906
632,Shadow’s Dominion,105,3.49,4.49,14A,0,0,0,906
633,Stormborn Reign,105,3.49,4.49,14A,0,0,0,906
634,Shadows of the Deep,105,3.49,4.49,14A,0,0,0,906
635,The Stormborn Oath,106,3.49,4.49,14A,0,0,0,906
636,Storm of Eternity,107,3.49,4.49,14A,0,0,0,906
637,Frostfire,107,3.49,4.49,14A,0,0,0,906
638,Rise of the Wolf King,108,3.49,4.49,14A,0,0,0,906
639,Eclipse Rising,109,3.49,4.49,14A,0,0,0,906
640,Golden Rebellion,109,3.49,4.49,14A,0,0,0,906
641,Blood of the Fallen,110,3.49,4.49,14A,0,0,0,906
642,Ravenstorm,111,3.49,4.49,14A,0,0,0,906
643,The Fireborn,111,3.49,4.49,14A,0,0,0,906
644,Sands of the Crown,115,3.49,4.49,14A,0,0,0,906
645,Flames of Eternity,115,3.49,4.49,14A,0,0,0,906
646,Gilded Horizon,115,3.49,4.49,14A,0,0,0,906
647,The Stormborn Crown,116,3.49,4.49,14A,0,0,0,906
648,The Frost King’s War,117,3.49,4.49,14A,0,0,0,906
649,Blood Moon Rising,118,3.49,4.49,14A,0,0,0,906
650,The Silent Siege,118,3.49,4.49,14A,0,0,0,906
651,Wings of Ice,119,3.49,4.49,14A,0,0,0,906
652,Throne of the Wolf,119,3.49,4.49,14A,0,0,0,906
653,Midnight Siege,119,3.49,4.49,14A,0,0,0,906
654,Kingdom of Embers,120,3.49,4.49,14A,0,0,0,906
655,The Lost Bastion,121,3.99,4.99,14A,0,0,0,906
656,Storm of the Crown,121,3.99,4.99,14A,0,0,0,906
657,Steel and Shadows,122,3.99,4.99,14A,0,0,0,906
658,Ivory Spear,122,3.99,4.99,14A,0,0,0,906
659,The Silver Rebellion,124,3.99,4.99,14A,0,0,0,906
660,The Gilded Reign,124,3.99,4.99,14A,0,0,0,906
661,Viper Moon,124,3.99,4.99,14A,0,0,0,906
662,Legends of Steel,124,3.99,4.99,14A,0,0,0,906
663,Ashborn Throne,124,3.99,4.99,14A,0,0,0,906
664,Stormbreaker,125,3.99,4.99,14A,0,0,0,906
665,The Ashborn,125,3.99,4.99,14A,0,0,0,906
666,The Last Ember,126,3.99,4.99,14A,0,0,0,906
667,The Scarlet Bastion,127,3.99,4.99,14A,0,0,0,906
668,The Frost Pact,127,3.99,4.99,14A,0,0,0,906
669,The Last Horizon,128,3.99,4.99,14A,0,0,0,906
670,The Dragon’s War,128,3.99,4.99,14A,0,0,0,906
671,Blackwater Crown,129,3.99,4.99,14A,0,0,0,906
672,The Dragon’s Gift,129,3.99,4.99,14A,0,0,0,906
673,Broken Horizon,129,3.99,4.99,14A,0,0,0,906
674,The Raven Queen,129,3.99,4.99,14A,0,0,0,906
675,Ashes to Glory,130,3.99,4.99,14A,1,1,0,906
676,The Hollow Crown,132,3.99,4.99,14A,1,1,0,906
677,Throne of Blades,133,3.99,4.99,14A,1,1,0,906
678,Moonborn,133,3.99,4.99,14A,1,1,0,906
679,The Wolf’s Reign,134,3.99,4.99,14A,1,1,0,906
680,Ocean’s Dominion,134,3.99,4.99,14A,1,1,0,906
681,The Silver Throne,134,3.99,4.99,14A,1,1,0,906
682,Legends of Ash,134,3.99,4.99,14A,1,1,0,906
683,The Storm King’s Legacy,135,3.99,4.99,14A,1,1,0,906
684,The Obsidian Throne,135,3.99,4.99,14A,1,1,0,906
685,Blades of Ice,135,3.99,4.99,14A,1,1,0,906
686,Rise of the Wolf Throne,136,3.99,4.99,14A,1,1,0,906
687,Twilight Vanguard,136,3.99,4.99,14A,1,1,0,906
688,The Gilded War,136,3.99,4.99,14A,1,1,0,906
689,The Obsidian Empire,137,3.99,4.99,14A,1,1,0,906
690,Rise of the Phoenix Guard,137,3.99,4.99,14A,1,1,0,906
691,Blood and Steel,138,3.99,4.99,14A,1,1,0,906
692,Blood and Frost,138,3.99,4.99,14A,1,1,0,906
693,The Blood Pact,139,3.99,4.99,14A,1,1,0,906
694,Throne of Ice,140,3.99,4.99,14A,1,1,0,906
695,Blades of the Storm,140,3.99,4.99,14A,1,1,0,906
696,The Forsaken War,140,3.99,4.99,14A,1,1,0,906
697,Crown of Shadows,140,3.99,4.99,14A,1,1,0,906
698,Shadows of Dawn,140,4.49,5.49,14A,1,1,0,906
699,The Crimson Path,141,4.49,5.49,14A,1,1,0,906
700,The Last Sanctuary,141,4.49,5.49,14A,1,1,0,906
701,The Last Eclipse,141,4.49,5.49,14A,1,1,0,906
702,The Blood Rebellion,141,4.49,5.49,14A,1,1,0,906
703,Ashen Skies,141,4.49,5.49,14A,1,1,0,906
704,The Obsidian King,142,4.49,5.49,14A,1,1,0,906
705,The Storm King’s Wrath,143,4.49,5.49,14A,1,1,0,906
706,The King’s Oath,143,4.49,5.49,14A,1,1,0,906
707,Winterkeep,145,4.49,5.49,14A,1,1,0,906
708,Steelborn,145,4.49,5.49,14A,1,1,0,906
709,The Last Legion,145,4.49,5.49,14A,1,1,0,906
710,The Golden Hunt,145,4.49,5.49,14A,1,1,0,906
711,Ashfall Reign,145,4.49,5.49,14A,1,1,0,906
712,Rise of the Blade,146,4.49,5.49,14A,1,1,0,906
713,Ashspire,146,4.49,5.49,14A,1,1,0,906
714,Shadows of the Throne,146,4.49,5.49,14A,1,1,0,906
715,Crown of the Sea,146,4.49,5.49,14A,1,1,0,906
716,Moonfall,147,4.49,5.49,14A,1,1,0,906
717,Ashen Fortress,148,4.49,5.49,14A,1,1,0,906
718,Sands of War,149,4.49,5.49,14A,1,1,0,906
719,The Last Blade,149,4.49,5.49,14A,1,1,0,906
720,Storms of the East,149,4.49,5.49,14A,1,1,0,906
721,The Scarlet Watch,149,4.49,5.49,14A,1,1,0,906
722,Blade of Eternity,150,4.49,5.49,14A,1,1,0,906
723,The Dragon’s Banner,150,4.49,5.49,14A,1,1,0,906
724,Ashen Reign,150,4.49,5.49,14A,1,1,0,906
725,The Obsidian Rebellion,151,4.49,5.49,14A,1,1,0,906
726,Frostfang,151,4.49,5.49,14A,1,1,0,906
727,The Desert Empire,151,4.49,5.49,14A,1,1,0,906
728,Rise of the Shadow King,151,4.49,5.49,14A,1,1,0,906
729,The Desert Spear,154,4.49,5.49,14A,1,1,0,906
730,Blood of Kings,154,4.49,5.49,14A,1,1,0,906
731,Phoenix Crown,155,4.49,5.49,14A,1,1,0,906
732,Night of the Viper,155,4.49,5.49,14A,1,1,0,906
733,The Iron Pact,155,4.49,5.49,14A,1,1,0,906
734,The Gilded Pact,155,4.49,5.49,14A,1,1,0,906
735,The King’s War,155,4.49,5.49,14A,1,1,0,906
736,Rise of the Empire,156,4.49,5.49,14A,1,1,0,906
737,Wings of Ash,157,4.49,5.49,14A,1,1,0,906
738,Shattered Kingdom,157,4.49,5.49,14A,1,1,0,906
739,The Dragon’s Shadow,157,4.49,5.49,14A,1,1,0,906
740,Stormveil,157,4.49,5.49,14A,1,1,0,906
741,The Gilded Cross,157,4.49,5.49,14A,1,1,0,906
742,The Serpent’s Throne,158,4.49,5.49,14A,1,1,0,906
743,The King’s Rebellion,159,4.49,5.49,14A,1,1,0,906
744,The Dragon’s Empire,160,4.49,5.49,14A,1,1,0,906
745,The Hollow Empire,161,4.99,5.99,14A,1,1,0,906
746,The Iron Bastion,161,4.99,5.99,14A,1,1,0,906
747,The Winter Oath,161,4.99,5.99,14A,1,1,0,906
748,The Golden Empire,162,4.99,5.99,14A,1,1,0,906
749,The Dragon’s Vow,162,4.99,5.99,14A,1,1,0,906
750,Crown of Ashes,162,4.99,5.99,14A,1,1,0,906
751,Bloodthrone,163,4.99,5.99,14A,1,1,0,906
752,The Wolf King’s War,164,4.99,5.99,14A,1,1,0,906
753,The Shadow’s Oath,165,4.99,5.99,14A,1,1,0,906
754,Thronebreaker,165,4.99,5.99,14A,1,1,0,906
755,Crown of Frost,166,4.99,5.99,14A,1,1,0,906
756,Oathbound,166,4.99,5.99,14A,1,1,0,906
757,Ivory Reign,167,4.99,5.99,14A,1,1,0,906
758,Rise of the Huntress,167,4.99,5.99,14A,1,1,0,906
759,The Golden Crown’s Fall,167,4.99,5.99,14A,1,1,0,906
760,The Hollow Blades,168,4.99,5.99,14A,1,1,0,906
761,Sea of Stars,168,4.99,5.99,14A,1,1,0,906
762,The Gilded Crown,168,4.99,5.99,14A,1,1,0,906
763,Sea of Fire,170,4.99,5.99,14A,1,1,0,906
764,Sands of Eternity,171,4.99,5.99,14A,1,1,0,906
765,Ivory War,171,4.99,5.99,14A,1,1,0,906
766,The Silver Banner,172,4.99,5.99,14A,1,1,0,906
767,Bloodspire,173,4.99,5.99,14A,1,1,0,906
768,The Silver Crown’s War,173,4.99,5.99,14A,1,1,0,906
769,Crimson Harbor,173,4.99,5.99,14A,1,1,0,906
770,The Wolf’s Vow,174,4.99,5.99,14A,1,1,0,906
771,Ivory Kingdom,175,4.99,5.99,14A,1,1,0,906
772,The Black Banner,175,4.99,5.99,14A,1,1,0,906
773,The Desert King’s War,175,4.99,5.99,14A,1,1,0,906
774,The Iron Reign,175,4.99,5.99,14A,1,1,0,906
775,Moonspire,176,4.99,5.99,14A,1,1,0,906
776,The Hollow Pact,176,4.99,5.99,14A,1,1,0,906
777,The Crimson Empire,177,4.99,5.99,14A,1,1,0,906
778,Oath of the Raven,179,4.99,5.99,14A,1,1,0,906
779,The Frozen Reign,179,4.99,5.99,14A,1,1,0,906
780,The Sea King’s Wrath,180,4.99,5.99,14A,1,1,0,906
781,The Iron Throne’s Fall,180,4.99,5.99,14A,1,1,0,906
782,The Silver Pact,180,4.99,5.99,14A,1,1,0,906
783,The Shadow Empire,95,4.49,4.99,R,0,0,1,714
784,The Viper Fortress,127,4.99,4.99,R,1,1,1,714
785,The Silver Reckoning,122,4.99,4.49,R,0,0,0,714
786,The Gilded Spire,161,4.99,4.99,R,0,0,1,714
787,Song of Sands,160,3.99,4.99,R,1,1,0,714
788,City of Dreams,176,4.49,3.99,R,1,0,0,714
789,Shadow Skylark,166,3.49,5.49,R,1,0,0,714
790,The Eternal Labyrinth,110,3.49,5.49,R,0,0,1,714
791,The Hidden Rebellion,117,2.99,4.99,R,1,0,0,714
792,The Burning Conspiracy,140,3.99,5.99,R,1,1,0,714
793,Forgotten Highspire,129,3.49,4.49,R,0,1,0,714
794,Whispering Ironvale,158,3.49,4.49,R,1,0,0,714
795,The Hidden Ascendancy,103,2.99,4.49,R,1,1,0,714
796,The Crimson Ascendancy,151,3.99,4.99,R,0,1,0,714
797,Neon Stormwatch,159,2.99,3.99,R,1,0,1,714
798,Beacon of Red Dunes,105,4.49,5.99,R,0,1,0,714
799,The Ivory Reckoning,121,4.49,3.99,R,1,0,0,714
800,The Forsaken Conspiracy,106,3.99,4.99,R,1,0,0,714
801,Raven Red Dunes,98,2.99,5.49,R,1,0,0,714
802,The Eternal Crown,109,3.49,3.99,R,1,1,0,714
803,The Stormborn Echo,178,3.49,5.49,R,1,1,0,714
804,Crown of Red Dunes,103,2.99,5.99,R,0,1,0,714
805,Revolt of Starfall,161,3.99,4.49,R,1,1,0,714
806,The Distant Ascendancy,89,3.99,4.99,R,0,0,1,714
807,Odyssey of Moonreach,106,4.99,4.49,R,0,0,0,714
808,Burning Stormwatch,177,3.49,3.99,R,0,1,1,714
809,Concord of Ironvale,90,4.49,4.49,R,0,1,0,714
810,The Scarlet Rebellion,178,2.99,4.49,R,0,1,0,714
811,Aegis of Shadowfen,151,3.99,4.49,R,0,0,1,714
812,Silent Southport,140,3.99,5.49,R,1,0,1,714
813,Viper Avalon,83,4.49,4.49,R,0,1,0,714
814,Whispering Eldoria,180,2.99,3.99,R,1,0,0,714
815,The Shadow Fortress,151,3.49,5.99,R,1,0,0,714
816,The Stormborn Kingdom,171,3.99,5.99,R,0,0,0,714
817,The Ashen Rebellion,176,3.99,4.99,R,1,0,0,714
818,Ascendancy of Highspire,169,2.99,3.99,R,1,0,0,714
819,Beacon of Ravenrock,91,2.99,5.99,R,0,0,1,714
820,The Shadow Ascendancy,83,3.99,5.49,R,0,0,0,714
821,Crescent Eldoria,80,4.49,5.99,R,0,1,0,714
822,The Velvet Ascendancy,122,3.99,5.99,R,1,0,1,714
823,Hidden Dawnhollow,153,2.99,5.49,R,0,1,0,714
824,The Midnight Crown,108,3.49,5.49,R,1,0,0,714
825,Conspiracy of Silverkeep,132,3.49,5.99,R,0,1,1,714
826,Frontier of Duskmoor,143,4.49,5.99,R,0,0,0,714
827,Song of Roses,128,3.49,4.49,R,0,1,1,714
828,The Eternal Empire,117,2.99,4.99,R,0,1,0,714
829,The Silent Labyrinth,95,3.49,5.99,R,0,0,0,714
830,The Eternal Revolt,142,2.99,4.99,R,0,0,0,714
831,Concord of Ravenrock,97,4.99,4.99,R,0,1,0,714
832,The Velvet Odyssey,137,4.49,4.49,R,0,0,0,714
833,Legacy of Dawnhollow,116,4.49,5.49,R,1,1,0,714
834,Midnight Highspire,172,3.49,5.99,R,0,0,1,714
835,Requiem of Red Dunes,93,3.49,3.99,R,0,0,0,714
836,The Shadow Citadel,125,4.49,4.99,R,1,0,1,714
837,Scarlet Red Dunes,93,3.49,4.49,R,0,0,1,714
838,The Forsaken Fortress,179,2.99,5.99,R,0,1,0,714
839,The Velvet Revolt,143,3.49,5.99,R,0,0,0,714
840,The Forsaken Rebellion,130,4.49,5.99,R,1,0,0,714
841,The Viper Rebellion,98,3.99,5.99,R,1,0,0,714
842,Raven Dawnhollow,121,4.99,5.99,R,1,0,1,714
843,Citadel of Stormwatch,80,3.49,4.99,R,0,0,0,714
844,Gilded Eldoria,116,4.49,5.99,R,0,1,0,714
845,Mirage of Eldoria,137,3.99,5.49,R,1,1,0,714
846,The Obsidian Spire,108,3.49,4.99,R,1,1,0,714
847,The Fallen Pact,91,3.99,4.49,R,1,0,0,714
848,The Viper Requiem,170,4.49,4.99,R,0,1,0,714
849,The Scarlet Echo,167,4.99,5.49,R,0,0,0,714
850,Shattered Skylark,154,2.99,4.49,R,1,0,0,714
851,The Eternal Fortress,124,3.49,4.99,R,0,0,0,714
852,Forsaken Ravenrock,152,4.99,5.99,R,0,0,1,714
853,Conspiracy of Stormwatch,163,2.99,5.49,R,0,1,1,714
854,The Gilded Revolt,140,3.99,5.49,R,1,1,0,714
855,The Obsidian Kingdom,88,2.99,4.49,R,1,1,0,714
856,The Velvet Spire,121,4.49,4.99,R,0,0,0,714
857,The Forgotten Mirage,158,4.49,5.99,R,1,1,1,714
858,Distant Northgate,162,4.99,3.99,R,1,0,0,714
859,The Velvet Awakening,135,3.99,4.49,R,0,0,0,714
860,Crimson Northgate,96,2.99,5.99,R,0,0,0,714
861,Obsidian Northgate,139,4.99,5.99,R,0,1,0,714
862,The Silent Spire,177,4.99,4.49,R,0,1,1,714
863,The Viper Mirage,148,3.99,4.49,R,0,0,0,714
864,Hidden Ironvale,136,3.49,4.49,R,0,0,0,714
865,The Gilded Rebellion,122,4.49,4.49,R,1,0,0,714
866,Frontier of Southport,91,3.99,4.49,R,0,1,1,714
867,The Golden Reckoning,140,3.49,3.99,R,0,1,0,714
868,Kingdom of Ravenrock,154,2.99,5.49,R,0,1,0,714
869,Crown of Highspire,149,4.49,4.49,R,1,0,0,714
870,Forsaken Red Dunes,86,3.49,3.99,R,1,1,0,714
871,Requiem of Southport,164,2.99,3.99,R,0,1,1,714
872,The Gilded Labyrinth,147,4.49,4.99,R,1,1,0,714
873,Dominion of Red Dunes,143,4.49,4.49,R,0,0,1,714
874,The Sapphire Harbor,172,3.99,4.49,R,1,1,0,714
875,The Whispering Horizon,136,2.99,4.99,R,0,1,0,714
876,Ivory Shadowfen,87,3.49,3.99,R,1,0,0,714
877,Distant Highspire,173,2.99,4.99,R,1,0,0,714
878,Harbor of Moonreach,137,3.99,5.99,R,1,1,0,714
879,Citadel of Starfall,147,4.99,3.99,R,0,0,0,714
880,Crown of Frostmarch,87,4.99,5.49,R,0,1,1,714
881,Reckoning of Silverkeep,103,3.49,4.99,R,1,0,0,714
882,The Raven Crown,89,2.99,4.99,R,1,0,0,714
883,Frontier of Moonreach,83,3.99,5.99,R,0,1,0,714
884,Horizon of Moonreach,94,4.99,4.99,R,0,0,0,714
885,The Distant Throne,143,4.49,5.99,R,1,1,1,714
886,The Golden Conspiracy,163,2.99,5.99,R,1,0,0,714
887,Forgotten Starfall,143,4.99,3.99,R,0,0,1,714
888,Rebellion of Eldoria,156,3.99,5.99,R,1,1,0,714
889,The Midnight Citadel,95,3.49,4.49,R,0,0,1,714
890,The Forsaken Spire,143,4.99,5.99,R,0,0,0,714
891,The Shattered Conspiracy,164,3.49,5.99,R,0,1,0,714
892,The Midnight Echo,118,3.49,5.99,R,0,1,1,714
893,The Silver Beacon,167,4.49,4.49,R,1,0,0,714
894,City of Bones,155,2.99,3.99,R,0,1,0,714
895,The Burning Oath,83,2.99,4.99,R,1,1,0,714
896,Mirage of Northgate,168,3.49,5.49,R,0,1,0,714
897,The Haunted Spire,132,4.99,4.99,R,1,0,0,714
898,Fortress of Ravenrock,110,4.99,3.99,R,1,1,1,714
899,Odyssey of Duskmoor,144,2.99,5.99,R,0,1,1,714
900,Obsidian Ironvale,160,2.99,3.99,R,1,1,0,714
901,Masquerade of Starfall,133,4.99,5.49,R,0,1,0,714
902,Rise of the Fires,146,4.49,4.49,R,0,0,0,714
903,The Emerald Conspiracy,98,4.99,5.49,R,0,1,1,714
904,The Forsaken Odyssey,172,3.49,3.99,R,1,1,0,714
905,Fortress of Silverkeep,134,3.49,4.99,R,0,0,1,714
906,Labyrinth of Ravenrock,123,3.99,4.99,R,0,0,0,714
907,Neon Dawnhollow,165,4.99,4.99,R,0,1,0,714
908,Obsidian Lowmere,172,3.49,4.99,R,0,1,0,714
909,Distant Silverkeep,144,2.99,4.99,R,1,0,1,714
910,The Burning Harbor,124,4.99,4.49,R,0,0,0,714
911,The Silver Kingdom,152,4.99,5.49,R,0,1,0,714
912,The Neon Reckoning,129,4.49,4.49,R,1,1,0,714
913,The Ashen Fortress,154,3.99,4.99,R,0,1,0,714
914,The Emerald Aegis,98,4.99,3.99,R,0,1,0,714
915,The Golden Rebellion,90,3.99,4.49,R,1,1,0,714
916,Shadow Ironvale,120,4.49,3.99,R,0,0,0,714
917,Shattered Stormwatch,160,3.49,3.99,R,0,1,1,714
918,Echo of Moonreach,132,3.49,4.99,R,1,0,0,714
919,The Sapphire Concord,140,4.99,3.99,R,0,0,0,714
920,Burning Northgate,177,2.99,5.49,R,1,0,0,714
921,The Forsaken Requiem,102,3.99,3.99,R,1,0,0,714
922,Emerald Ironvale,99,4.99,5.49,R,1,0,0,714
923,Echoes of Skylark,85,4.49,3.99,R,1,1,0,714
924,The Crescent Rebellion,171,3.49,5.49,R,1,0,0,714
925,Rise of the Ravens,174,4.49,4.49,R,0,0,0,714
926,The Forgotten Masquerade,171,2.99,5.99,R,0,0,0,714
927,Shattered Highspire,96,4.99,3.99,R,0,1,0,714
928,The Eternal Mirage,137,3.99,3.99,R,1,1,0,714
929,The Distant Frontier,95,4.49,5.99,R,0,1,0,714
930,The Sapphire Awakening,115,2.99,4.49,R,0,0,0,714
931,Concord of Frostmarch,97,3.99,5.99,R,0,1,0,714
932,Pact of Duskmoor,179,3.99,4.99,R,1,0,0,714
933,Whispering Lowmere,120,4.99,5.49,R,0,1,0,714
934,The Viper Spire,115,3.49,4.99,R,0,1,0,714
935,Awakening of Skylark,147,4.99,3.99,R,1,1,0,714
936,Shattered Ravenrock,150,3.99,5.49,R,0,1,1,714
937,The Crimson Rebellion,114,4.49,5.49,R,0,1,0,714
938,Reckoning of Dawnhollow,142,3.99,4.99,R,0,1,0,714
939,The Stormborn Masquerade,135,4.49,3.99,R,0,0,1,714
940,Citadel of Duskmoor,129,3.99,5.49,R,0,0,0,714
941,The Fallen Harbor,113,3.99,4.99,R,1,1,0,714
942,The Distant Aegis,106,4.49,4.49,R,1,1,0,714
943,The Velvet Dominion,142,4.99,5.49,R,1,1,0,714
944,The Fallen Citadel,135,2.99,3.99,R,0,1,0,714
945,Frontier of Blackwater,143,3.49,5.99,R,0,1,0,714
946,The Golden Mirage,133,2.99,5.99,R,1,1,0,714
947,The Obsidian Citadel,111,3.99,3.99,R,1,1,0,714
948,The Stormborn Ascendancy,179,3.49,5.99,R,1,1,0,714
949,Aegis of Silverkeep,94,2.99,4.99,R,0,0,0,714
950,The Fallen Dominion,121,3.49,4.99,R,0,0,0,714
951,Aegis of Stormwatch,95,4.49,4.99,R,0,0,0,714
952,The Hidden Conspiracy,90,2.99,5.49,R,0,1,0,714
953,Crescent Dawnhollow,109,4.49,5.49,R,0,1,0,714
954,Gilded Starfall,138,4.99,5.99,R,0,0,1,714
955,Scarlet Lowmere,146,4.99,4.99,R,1,1,1,714
956,The Eternal Oath,84,2.99,5.99,R,0,1,0,714
957,Golden Duskmoor,97,4.99,3.99,R,1,1,0,714
958,The Stormborn Harbor,117,3.99,5.49,R,1,0,0,714
959,Ascendancy of Starfall,125,3.49,5.99,R,1,0,1,714
960,Mirage of Blackwater,107,2.99,3.99,R,1,0,0,714
961,The Scarlet Fortress,162,3.49,4.49,R,0,1,0,714
962,The Burning Rebellion,127,3.49,5.99,R,0,0,1,714
963,City of Blades,91,4.49,5.99,R,0,1,1,714
964,The Ashen Masquerade,102,4.99,5.49,R,1,0,0,714
965,Hidden Red Dunes,115,3.49,4.99,R,1,0,0,714
966,Horizon of Eldoria,172,3.49,5.99,R,1,1,0,714
967,Dominion of Frostmarch,86,3.99,4.49,R,0,1,0,714
968,Forgotten Ravenrock,163,2.99,5.49,R,0,1,0,714
969,The Emerald Odyssey,151,4.49,4.99,R,1,1,1,714
970,Ashen Highspire,179,3.99,5.99,R,0,1,0,714
971,Echo of Frostmarch,123,2.99,4.99,R,0,1,0,714
972,Rebellion of Lowmere,158,4.49,5.49,R,0,0,0,714
973,The Crimson Crown,126,4.49,5.99,R,0,0,1,714
974,Fortress of Everspring,111,3.49,5.99,R,0,0,0,714
975,Aegis of Southport,153,3.49,3.99,R,0,0,1,714
976,The Forsaken Beacon,85,4.99,5.99,R,1,1,0,714
977,Masquerade of Ironvale,128,4.49,3.99,R,0,1,0,714
978,Song of Serpents,103,3.99,4.49,R,0,0,0,714
979,Echo of Dawnhollow,149,4.49,4.99,R,1,1,1,714
980,The Midnight Ascendancy,112,3.99,3.99,R,1,0,0,714
981,Horizon of Everspring,164,3.49,5.49,R,1,1,0,714
982,The Gilded Citadel,133,3.99,5.99,R,1,0,0,714
983,Ashen Moonreach,118,4.49,4.49,R,1,0,1,714
984,Requiem of Starfall,116,3.49,5.99,R,0,0,0,714
985,The Crimson Revolt,147,4.49,3.99,R,1,0,1,714
986,The Shattered Reckoning,89,2.99,5.99,R,0,0,0,714
987,Throne of Ravenrock,154,3.99,5.49,R,1,0,0,714
988,Haunted Southport,125,3.99,5.49,R,0,1,0,714
989,Spire of Red Dunes,138,4.99,5.99,R,0,0,0,714
990,Echoes of Ironvale,173,4.49,4.99,R,0,1,0,714
991,Velvet Lowmere,92,3.99,4.49,R,1,1,1,714
992,Aegis of Starfall,142,2.99,4.49,R,0,1,0,714
993,Forsaken Dawnhollow,174,3.99,4.49,R,0,0,0,714
994,The Burning Aegis,87,3.49,5.49,R,1,1,1,714
995,Labyrinth of Everspring,94,3.49,4.49,R,0,0,0,714
996,The Crescent Awakening,149,2.99,5.99,R,0,1,0,714
997,The Haunted Empire,99,3.49,4.99,R,0,1,1,714
998,Frontier of Lowmere,176,4.99,4.99,R,1,1,0,714
999,Obsidian Highspire,111,4.49,4.99,R,0,1,0,714
1000,Song of Dragons,164,3.49,3.99,R,0,1,0,714
